customer_id,account_age_days,total_orders,total_returns,return_rate,avg_days_to_return,avg_order_value,high_value_return_ratio,payment_method,preferred_category,complaints_filed,refund_to_wallet_pref,is_risky_return
CUST10000,145,7,1,0.182,7.36,1242.89,0.381,COD,Fashion,0,0,0
CUST10001,466,5,0,0.052,7.2,3105.5,0.092,COD,Mobiles,0,0,0
CUST10002,117,10,0,0.03,4.25,2813.37,0.288,COD,Books,1,0,0
CUST10003,511,8,1,0.087,5.68,671.84,0.359,UPI,Footwear,0,1,0
CUST10004,209,4,1,0.227,1.03,1487.31,0.41,UPI,Beauty,1,0,0
CUST10005,674,9,0,0.055,4.75,1283.68,0.35,UPI,Electronics,2,0,0
CUST10006,112,4,0,0.07,9.9,1692.78,0.07,UPI,Electronics,0,0,0
CUST10007,235,4,1,0.28,2.12,1815.33,0.454,COD,Electronics,0,1,1
CUST10008,634,10,1,0.106,9.89,2045.35,0.288,COD,Home & Kitchen,0,0,0
CUST10009,81,9,0,0.044,11.64,1466.23,0.164,COD,Footwear,0,0,0
CUST10010,316,7,3,0.423,0.5,1258.91,0.653,COD,Beauty,1,1,1
CUST10011,634,17,2,0.099,7.54,1831.54,0.045,COD,Footwear,0,0,0
CUST10012,226,5,1,0.148,11.49,1751.23,0.379,COD,Books,1,0,0
CUST10013,62,10,0,0.0,12.8,1026.42,0.121,Credit Card,Fashion,0,0,0
CUST10014,292,7,0,0.07,9.18,2612.55,0.347,UPI,Electronics,2,0,0
CUST10015,36,3,1,0.186,7.23,2938.63,0.273,UPI,Fashion,0,1,0
CUST10016,498,13,1,0.068,11.56,1433.35,0.089,COD,Electronics,0,1,0
CUST10017,475,7,1,0.133,10.24,1150.65,0.186,COD,Fashion,1,0,0
CUST10018,507,10,0,0.046,8.86,3702.41,0.568,COD,Books,0,1,0
CUST10019,18,13,0,0.038,15.57,945.1,0.389,COD,Books,1,0,0
CUST10020,116,12,1,0.095,5.71,2166.58,0.582,COD,Mobiles,3,1,0
CUST10021,873,9,0,0.035,9.73,5434.87,0.435,UPI,Electronics,0,0,0
CUST10022,427,4,0,0.0,13.33,3000.1,0.288,UPI,Mobiles,0,1,0
CUST10023,208,7,1,0.147,10.1,845.41,0.41,COD,Fashion,0,0,0
CUST10024,102,4,1,0.178,9.11,1033.03,0.307,UPI,Fashion,0,0,0
CUST10025,203,8,1,0.069,8.62,834.04,0.217,COD,Fashion,0,0,0
CUST10026,668,9,1,0.15,5.07,3094.82,0.23,COD,Fashion,0,0,0
CUST10027,686,9,1,0.106,9.62,5424.59,0.572,Credit Card,Fashion,0,0,0
CUST10028,107,6,0,0.03,7.19,2791.55,0.223,COD,Mobiles,2,1,0
CUST10029,840,7,1,0.1,7.74,2097.44,0.437,Credit Card,Home & Kitchen,0,1,0
CUST10030,214,10,2,0.187,7.58,6017.85,0.166,UPI,Fashion,0,1,0
CUST10031,633,7,1,0.128,11.92,3931.11,0.55,Debit Card,Electronics,0,1,0
CUST10032,54,10,2,0.179,2.65,5039.78,0.135,COD,Mobiles,1,0,0
CUST10033,157,3,0,0.123,2.04,1476.48,0.553,COD,Fashion,0,0,0
CUST10034,743,5,3,0.511,1.88,729.56,0.556,UPI,Fashion,1,0,1
CUST10035,16,8,1,0.094,8.24,1562.76,0.384,UPI,Beauty,0,0,0
CUST10036,83,4,1,0.214,5.12,1477.18,0.327,Debit Card,Fashion,0,1,0
CUST10037,8,3,1,0.294,5.54,1187.78,0.626,Credit Card,Home & Kitchen,0,0,1
CUST10038,894,7,1,0.11,15.47,2651.59,0.307,COD,Fashion,0,1,0
CUST10039,42,6,1,0.161,13.71,799.66,0.303,COD,Footwear,0,0,0
CUST10040,89,10,0,0.0,10.82,489.26,0.631,COD,Fashion,0,0,0
CUST10041,354,8,3,0.352,1.93,3313.44,0.421,COD,Home & Kitchen,0,1,1
CUST10042,870,6,2,0.305,7.12,1494.12,0.204,COD,Footwear,0,0,1
CUST10043,83,5,1,0.152,9.59,3254.44,0.075,UPI,Books,0,1,0
CUST10044,159,10,1,0.133,5.99,977.29,0.077,UPI,Footwear,0,0,0
CUST10045,638,11,1,0.108,7.13,1212.44,0.272,Debit Card,Fashion,1,0,0
CUST10046,235,11,0,0.021,3.75,634.29,0.143,Debit Card,Fashion,1,0,0
CUST10047,274,16,3,0.207,6.37,3577.61,0.148,COD,Beauty,1,0,0
CUST10048,306,11,2,0.144,12.22,783.76,0.034,UPI,Books,1,0,0
CUST10049,430,2,0,0.117,12.24,1297.37,0.11,COD,Fashion,0,0,0
CUST10050,100,11,1,0.084,8.31,3110.82,0.193,UPI,Footwear,1,0,0
CUST10051,14,8,1,0.068,9.38,1048.68,0.12,COD,Electronics,0,0,0
CUST10052,108,6,3,0.549,0.81,4174.81,0.65,Credit Card,Fashion,0,0,1
CUST10053,47,8,2,0.244,2.27,1077.68,0.532,UPI,Fashion,3,1,1
CUST10054,229,4,1,0.137,4.68,2568.72,0.551,Wallet,Beauty,0,0,0
CUST10055,27,7,1,0.118,9.67,3281.85,0.137,Credit Card,Fashion,0,1,0
CUST10056,75,9,1,0.088,5.87,1555.25,0.571,Wallet,Fashion,0,0,0
CUST10057,450,5,0,0.096,11.99,1214.49,0.54,COD,Fashion,0,0,0
CUST10058,198,7,1,0.073,5.9,1519.09,0.318,Credit Card,Home & Kitchen,0,0,0
CUST10059,50,6,2,0.256,8.68,1547.34,0.345,Credit Card,Beauty,1,0,1
CUST10060,806,9,6,0.701,1.9,2166.14,0.905,UPI,Footwear,2,0,1
CUST10061,240,3,0,0.145,3.52,233.13,0.124,Debit Card,Beauty,0,0,0
CUST10062,602,5,2,0.406,7.81,2663.67,0.379,COD,Mobiles,0,0,1
CUST10063,204,9,1,0.1,10.65,824.82,0.51,COD,Books,0,1,0
CUST10064,244,9,2,0.198,7.88,2770.44,0.085,Debit Card,Home & Kitchen,0,0,0
CUST10065,405,4,1,0.154,2.16,2068.13,0.109,Debit Card,Electronics,0,1,0
CUST10066,358,6,0,0.025,6.87,1130.3,0.292,UPI,Beauty,0,0,0
CUST10067,126,10,1,0.115,6.26,1830.81,0.101,UPI,Fashion,0,0,0
CUST10068,1472,11,0,0.041,5.01,345.56,0.303,Credit Card,Books,1,1,0
CUST10069,42,9,4,0.419,6.07,1722.62,0.214,Credit Card,Beauty,1,0,1
CUST10070,157,3,0,0.083,10.59,1651.63,0.449,COD,Beauty,0,0,0
CUST10071,23,7,1,0.073,7.9,1027.17,0.194,UPI,Beauty,0,0,0
CUST10072,229,9,0,0.051,1.23,1166.38,0.324,Credit Card,Home & Kitchen,1,0,0
CUST10073,53,13,3,0.266,11.39,1113.43,0.237,Credit Card,Fashion,0,0,1
CUST10074,347,3,0,0.04,12.9,815.82,0.112,Debit Card,Footwear,0,0,0
CUST10075,30,10,1,0.058,13.37,4832.65,0.25,UPI,Fashion,0,0,0
CUST10076,178,10,7,0.676,1.22,3591.41,0.723,Wallet,Mobiles,0,0,1
CUST10077,47,14,1,0.105,8.25,1710.33,0.316,Debit Card,Footwear,0,0,0
CUST10078,136,4,0,0.104,3.23,1251.62,0.208,UPI,Beauty,0,0,0
CUST10079,361,4,0,0.052,11.54,1407.6,0.303,Debit Card,Footwear,0,1,0
CUST10080,211,7,0,0.044,3.4,1637.78,0.352,UPI,Fashion,0,1,0
CUST10081,150,5,1,0.173,7.42,2809.69,0.327,UPI,Footwear,0,1,0
CUST10082,188,8,2,0.252,4.57,2183.79,0.39,UPI,Fashion,0,1,1
CUST10083,184,4,2,0.416,2.32,713.47,0.702,Wallet,Home & Kitchen,1,1,1
CUST10084,95,10,0,0.043,6.57,1980.41,0.391,UPI,Home & Kitchen,0,0,0
CUST10085,203,9,2,0.275,4.38,1664.92,0.235,UPI,Home & Kitchen,0,1,1
CUST10086,640,6,1,0.084,11.64,821.16,0.17,COD,Home & Kitchen,0,1,0
CUST10087,263,13,1,0.052,6.13,2281.53,0.147,Credit Card,Books,0,1,0
CUST10088,335,5,2,0.363,6.56,947.4,0.208,Credit Card,Footwear,0,0,1
CUST10089,209,7,1,0.098,13.85,1380.81,0.045,Wallet,Beauty,0,0,0
CUST10090,122,7,0,0.065,6.31,3248.77,0.07,COD,Mobiles,0,0,0
CUST10091,40,8,2,0.273,5.45,2278.82,0.37,COD,Books,0,0,1
CUST10092,535,6,0,0.0,8.11,446.39,0.338,UPI,Fashion,0,0,0
CUST10093,479,7,1,0.125,11.93,2392.9,0.168,Credit Card,Footwear,0,1,0
CUST10094,180,9,7,0.772,2.93,6072.53,0.658,COD,Fashion,1,1,1
CUST10095,70,4,0,0.0,8.07,989.92,0.427,COD,Electronics,0,1,0
CUST10096,209,10,2,0.204,6.36,1105.5,0.31,COD,Electronics,1,0,0
CUST10097,136,8,1,0.171,6.9,705.23,0.292,COD,Fashion,0,0,0
CUST10098,396,14,1,0.069,9.26,420.18,0.074,COD,Mobiles,0,0,0
CUST10099,12,8,1,0.079,9.84,944.08,0.277,COD,Fashion,0,0,0
CUST10100,12,13,1,0.08,10.59,270.32,0.308,Credit Card,Electronics,0,0,0
CUST10101,22,9,1,0.135,14.88,651.18,0.155,Wallet,Mobiles,0,0,0
CUST10102,616,8,3,0.325,3.55,1673.52,0.503,Credit Card,Home & Kitchen,1,1,1
CUST10103,1189,11,3,0.267,0.5,2626.1,0.204,COD,Fashion,0,1,1
CUST10104,103,6,1,0.127,11.18,2414.99,0.394,UPI,Footwear,0,0,0
CUST10105,205,4,0,0.0,9.64,1734.75,0.292,COD,Footwear,1,1,0
CUST10106,121,10,2,0.159,4.38,1965.67,0.507,Debit Card,Home & Kitchen,0,1,0
CUST10107,99,6,0,0.049,9.05,3118.82,0.177,Credit Card,Fashion,1,1,0
CUST10108,672,10,1,0.136,11.9,3634.45,0.08,Debit Card,Fashion,0,1,0
CUST10109,213,5,2,0.319,5.2,1306.94,0.366,Debit Card,Fashion,0,0,1
CUST10110,407,8,1,0.098,3.77,1877.3,0.329,Credit Card,Beauty,0,0,0
CUST10111,998,8,2,0.201,6.48,3163.9,0.11,UPI,Fashion,1,1,0
CUST10112,188,5,1,0.112,4.26,1685.3,0.246,Credit Card,Fashion,0,0,0
CUST10113,297,10,1,0.097,10.86,741.16,0.24,COD,Fashion,1,0,0
CUST10114,175,4,0,0.09,4.93,2522.87,0.242,Debit Card,Fashion,0,1,0
CUST10115,68,13,3,0.219,9.91,2568.42,0.299,UPI,Fashion,0,0,0
CUST10116,201,7,0,0.026,13.26,1118.07,0.229,COD,Home & Kitchen,0,0,0
CUST10117,87,5,0,0.091,8.43,478.66,0.648,UPI,Mobiles,1,1,0
CUST10118,199,7,1,0.128,9.03,2710.47,0.291,UPI,Beauty,0,1,0
CUST10119,237,5,0,0.046,9.1,742.38,0.09,UPI,Electronics,0,0,0
CUST10120,379,11,1,0.128,7.2,1145.58,0.557,UPI,Fashion,0,0,0
CUST10121,143,15,4,0.257,10.19,1726.75,0.298,COD,Footwear,0,1,1
CUST10122,1059,10,3,0.288,0.62,3372.89,0.176,UPI,Fashion,0,0,1
CUST10123,541,4,0,0.029,4.94,487.65,0.497,COD,Fashion,0,1,0
CUST10124,312,7,0,0.0,5.02,1826.17,0.32,Credit Card,Electronics,0,0,0
CUST10125,73,7,3,0.468,1.87,4545.06,0.62,Debit Card,Electronics,0,1,1
CUST10126,608,10,0,0.023,4.41,2412.16,0.208,Debit Card,Books,0,0,0
CUST10127,175,7,2,0.345,9.23,2868.75,0.113,COD,Fashion,0,0,1
CUST10128,24,13,3,0.265,4.09,1778.39,0.223,Credit Card,Mobiles,0,1,1
CUST10129,186,9,0,0.045,9.01,2845.15,0.147,COD,Fashion,0,0,0
CUST10130,332,8,0,0.029,12.15,1239.7,0.375,Credit Card,Home & Kitchen,2,0,0
CUST10131,246,11,2,0.187,5.26,3155.05,0.489,COD,Home & Kitchen,0,0,0
CUST10132,22,10,0,0.017,1.09,1737.31,0.18,COD,Electronics,0,0,0
CUST10133,74,5,1,0.216,4.09,5387.65,0.29,UPI,Home & Kitchen,0,1,0
CUST10134,185,8,1,0.087,8.17,3093.8,0.163,Credit Card,Books,0,0,0
CUST10135,79,8,1,0.07,15.33,2069.17,0.348,UPI,Home & Kitchen,0,0,0
CUST10136,295,12,1,0.101,6.04,3080.88,0.163,UPI,Home & Kitchen,0,0,0
CUST10137,362,11,3,0.257,2.58,2936.24,0.137,Debit Card,Electronics,0,0,1
CUST10138,95,4,1,0.267,7.7,1401.43,0.398,UPI,Fashion,0,0,1
CUST10139,34,9,1,0.141,7.21,355.36,0.244,UPI,Beauty,0,0,0
CUST10140,604,13,8,0.644,2.95,2998.69,0.671,Credit Card,Mobiles,0,1,1
CUST10141,357,9,2,0.262,9.33,2933.47,0.457,COD,Beauty,0,1,1
CUST10142,267,4,1,0.233,11.79,2059.55,0.088,COD,Footwear,0,1,1
CUST10143,1500,7,0,0.07,6.76,1533.39,0.08,UPI,Books,0,0,0
CUST10144,485,5,1,0.201,5.05,2154.5,0.347,UPI,Fashion,0,0,0
CUST10145,51,7,1,0.167,8.04,4910.71,0.347,Wallet,Mobiles,0,0,0
CUST10146,206,10,0,0.0,14.71,4439.54,0.078,Debit Card,Fashion,0,0,0
CUST10147,102,8,1,0.163,5.42,3526.72,0.42,UPI,Fashion,0,0,0
CUST10148,618,9,1,0.114,7.03,1005.61,0.081,Credit Card,Electronics,0,1,0
CUST10149,445,5,1,0.118,9.65,2403.39,0.903,COD,Fashion,0,0,0
CUST10150,20,7,3,0.358,6.81,1259.17,0.215,COD,Fashion,1,1,1
CUST10151,85,8,1,0.149,8.39,2983.13,0.557,COD,Electronics,2,0,0
CUST10152,796,4,2,0.516,2.3,58.22,0.815,Debit Card,Mobiles,2,0,1
CUST10153,76,10,1,0.141,8.22,2182.45,0.387,Credit Card,Fashion,0,0,0
CUST10154,703,10,2,0.215,5.69,1845.63,0.129,COD,Beauty,0,0,0
CUST10155,327,8,2,0.264,1.17,1290.48,0.708,UPI,Footwear,1,0,1
CUST10156,496,6,0,0.003,10.45,2335.79,0.193,COD,Home & Kitchen,0,0,0
CUST10157,325,9,1,0.102,2.44,3459.3,0.227,COD,Electronics,0,0,0
CUST10158,327,5,0,0.004,9.96,4729.96,0.246,Credit Card,Footwear,0,0,0
CUST10159,172,12,1,0.115,3.55,2790.68,0.573,UPI,Mobiles,0,1,0
CUST10160,97,7,1,0.163,3.43,205.05,0.309,COD,Electronics,0,0,0
CUST10161,330,6,0,0.056,7.22,1611.23,0.026,COD,Footwear,0,0,0
CUST10162,271,9,1,0.102,10.41,1026.45,0.17,UPI,Fashion,0,1,0
CUST10163,20,9,0,0.035,6.58,582.6,0.195,Debit Card,Fashion,0,0,0
CUST10164,656,10,3,0.332,3.15,1326.51,0.188,UPI,Fashion,0,0,1
CUST10165,163,10,3,0.309,7.66,1012.71,0.353,Debit Card,Beauty,0,0,1
CUST10166,173,8,1,0.134,9.98,1417.72,0.037,COD,Fashion,0,0,0
CUST10167,243,8,1,0.079,9.59,953.37,0.182,COD,Home & Kitchen,0,1,0
CUST10168,476,4,0,0.113,5.59,3589.27,0.398,COD,Fashion,0,1,0
CUST10169,756,6,1,0.12,2.76,985.3,0.426,Credit Card,Fashion,0,0,0
CUST10170,285,4,0,0.078,9.82,1842.95,0.126,Debit Card,Beauty,0,0,0
CUST10171,305,10,2,0.184,5.96,1341.58,0.332,Credit Card,Fashion,0,0,0
CUST10172,269,7,0,0.031,11.51,2030.06,0.437,Credit Card,Fashion,0,0,0
CUST10173,138,4,1,0.318,3.06,4012.96,0.166,Credit Card,Fashion,0,0,1
CUST10174,57,10,1,0.142,6.43,2407.19,0.383,Credit Card,Electronics,0,0,0
CUST10175,58,9,1,0.123,9.42,460.55,0.074,UPI,Footwear,0,1,0
CUST10176,30,11,0,0.011,16.9,2437.93,0.116,COD,Books,0,1,0
CUST10177,103,7,0,0.05,8.77,2284.71,0.302,Debit Card,Footwear,0,0,0
CUST10178,955,6,2,0.331,6.35,4357.75,0.163,COD,Fashion,0,0,1
CUST10179,157,7,2,0.301,6.44,2460.49,0.139,UPI,Footwear,0,0,1
CUST10180,60,8,1,0.11,6.63,1856.33,0.304,Credit Card,Fashion,0,0,0
CUST10181,36,7,2,0.261,10.84,2881.9,0.172,COD,Mobiles,1,0,1
CUST10182,163,10,2,0.17,5.37,754.01,0.689,Debit Card,Electronics,0,0,0
CUST10183,899,11,2,0.185,13.78,2662.06,0.132,Debit Card,Home & Kitchen,1,0,0
CUST10184,205,6,1,0.153,11.98,868.74,0.348,COD,Beauty,0,0,0
CUST10185,226,9,3,0.359,2.54,926.63,0.247,Debit Card,Fashion,0,0,1
CUST10186,223,4,1,0.327,8.67,2546.49,0.176,Debit Card,Mobiles,1,0,1
CUST10187,640,5,2,0.384,6.0,2827.1,0.266,Debit Card,Mobiles,0,1,1
CUST10188,440,9,1,0.059,12.87,2797.79,0.096,UPI,Electronics,1,1,0
CUST10189,65,6,1,0.093,9.64,2828.32,0.17,Debit Card,Electronics,0,0,0
CUST10190,219,11,2,0.154,7.0,1014.59,0.08,COD,Footwear,0,1,0
CUST10191,150,11,3,0.317,8.64,2976.62,0.156,Wallet,Beauty,0,0,1
CUST10192,90,5,0,0.069,8.82,2007.44,0.593,Credit Card,Home & Kitchen,0,1,0
CUST10193,91,9,1,0.123,6.52,277.36,0.22,COD,Fashion,0,0,0
CUST10194,5,8,1,0.074,2.47,1952.11,0.395,Wallet,Fashion,0,0,0
CUST10195,16,8,2,0.242,5.94,2140.94,0.242,COD,Footwear,0,0,1
CUST10196,159,4,0,0.081,6.65,983.81,0.459,Credit Card,Mobiles,1,0,0
CUST10197,38,5,1,0.245,3.79,1955.41,0.397,UPI,Fashion,0,1,1
CUST10198,824,9,2,0.187,4.72,876.35,0.286,Credit Card,Fashion,0,0,0
CUST10199,17,6,4,0.611,1.54,3788.3,0.562,UPI,Mobiles,2,0,1
CUST10200,117,7,0,0.063,11.94,567.84,0.076,Credit Card,Footwear,0,0,0
CUST10201,650,5,1,0.172,2.54,1175.51,0.331,UPI,Fashion,1,1,0
CUST10202,242,9,5,0.543,2.94,4187.64,0.38,Credit Card,Electronics,2,0,1
CUST10203,725,14,1,0.052,14.82,998.19,0.425,COD,Footwear,0,0,0
CUST10204,1030,10,2,0.161,11.26,677.33,0.1,UPI,Footwear,1,0,0
CUST10205,318,7,2,0.288,5.08,1850.05,0.372,Credit Card,Beauty,0,0,1
CUST10206,17,10,2,0.2,5.08,1028.78,0.421,Debit Card,Books,0,1,0
CUST10207,435,9,3,0.374,4.06,408.08,0.433,COD,Home & Kitchen,0,1,1
CUST10208,8,9,1,0.081,6.85,1109.76,0.119,UPI,Fashion,0,0,0
CUST10209,562,6,0,0.066,6.55,2002.17,0.194,COD,Beauty,0,0,0
CUST10210,430,8,1,0.131,9.58,3461.02,0.216,Debit Card,Mobiles,0,0,0
CUST10211,266,12,1,0.072,13.86,2484.62,0.156,COD,Fashion,0,1,0
CUST10212,171,3,1,0.212,8.15,1829.01,0.223,UPI,Beauty,0,1,0
CUST10213,101,9,1,0.141,7.52,3295.86,0.3,Credit Card,Beauty,0,1,0
CUST10214,82,5,0,0.025,11.87,1989.47,0.407,Credit Card,Home & Kitchen,0,0,0
CUST10215,329,11,0,0.042,8.9,3797.94,0.199,Credit Card,Fashion,0,1,0
CUST10216,114,6,0,0.071,10.47,1722.42,0.346,COD,Footwear,0,0,0
CUST10217,17,5,0,0.1,9.79,3727.77,0.012,Wallet,Home & Kitchen,0,0,0
CUST10218,962,6,1,0.095,7.24,76.6,0.199,UPI,Electronics,0,1,0
CUST10219,6,6,1,0.173,7.55,2144.17,0.052,COD,Home & Kitchen,0,0,0
CUST10220,1395,10,1,0.139,7.23,2693.13,0.057,Credit Card,Electronics,1,1,0
CUST10221,50,9,6,0.664,1.85,1663.83,0.793,COD,Fashion,1,0,1
CUST10222,207,9,3,0.294,4.05,1983.84,0.355,UPI,Fashion,1,0,1
CUST10223,48,6,0,0.043,6.96,4492.26,0.145,UPI,Fashion,0,0,0
CUST10224,98,9,1,0.077,12.66,749.48,0.477,UPI,Beauty,1,0,0
CUST10225,287,11,1,0.078,4.25,845.04,0.201,UPI,Mobiles,0,0,0
CUST10226,453,9,1,0.086,5.69,947.73,0.111,COD,Fashion,0,1,0
CUST10227,230,7,0,0.05,7.79,1044.28,0.066,UPI,Fashion,0,0,0
CUST10228,1500,9,3,0.286,9.33,3800.77,0.183,UPI,Footwear,0,0,1
CUST10229,172,9,3,0.32,8.36,874.41,0.108,UPI,Electronics,0,0,1
CUST10230,338,8,4,0.478,2.86,2664.08,0.391,COD,Footwear,1,0,1
CUST10231,66,4,1,0.177,8.48,3368.34,0.043,UPI,Beauty,0,0,0
CUST10232,45,9,3,0.332,8.11,2411.88,0.316,COD,Books,0,0,1
CUST10233,59,7,0,0.018,11.03,2350.47,0.173,Wallet,Fashion,0,0,0
CUST10234,254,9,2,0.271,0.78,3301.2,0.544,Credit Card,Footwear,0,0,1
CUST10235,314,7,2,0.303,9.67,3149.44,0.17,Wallet,Beauty,0,1,1
CUST10236,38,13,2,0.14,10.23,1475.22,0.094,Credit Card,Beauty,0,1,0
CUST10237,85,4,3,0.669,1.52,2943.43,0.235,Wallet,Books,0,0,1
CUST10238,36,8,4,0.552,1.52,2908.62,0.644,Credit Card,Footwear,1,0,1
CUST10239,309,11,1,0.133,5.37,1357.82,0.331,Wallet,Mobiles,1,1,0
CUST10240,51,1,0,0.058,8.87,79.15,0.58,COD,Footwear,0,0,0
CUST10241,86,10,2,0.247,0.5,2879.39,0.504,COD,Home & Kitchen,0,1,1
CUST10242,127,8,3,0.349,4.59,1235.46,0.257,COD,Books,0,0,1
CUST10243,269,10,2,0.154,6.9,776.47,0.55,UPI,Books,0,0,0
CUST10244,7,6,1,0.181,3.52,527.71,0.132,UPI,Home & Kitchen,2,1,0
CUST10245,528,7,1,0.174,11.93,1778.02,0.47,COD,Beauty,0,1,0
CUST10246,204,8,3,0.389,7.92,1097.13,0.229,COD,Home & Kitchen,0,0,1
CUST10247,167,6,1,0.24,3.97,3535.29,0.134,COD,Mobiles,0,0,1
CUST10248,172,11,0,0.032,5.71,1363.87,0.635,Credit Card,Electronics,0,0,0
CUST10249,899,4,0,0.101,15.45,4912.9,0.347,COD,Home & Kitchen,1,1,0
CUST10250,11,8,3,0.326,3.81,2582.4,0.303,UPI,Books,0,1,1
CUST10251,241,7,1,0.079,9.15,4146.11,0.261,Credit Card,Fashion,0,0,0
CUST10252,163,10,2,0.229,7.54,1086.65,0.342,COD,Electronics,0,0,0
CUST10253,93,5,1,0.253,13.69,3878.92,0.238,COD,Fashion,1,1,1
CUST10254,470,8,0,0.059,10.5,1980.98,0.262,COD,Electronics,0,0,0
CUST10255,210,7,1,0.093,10.93,3072.28,0.167,Wallet,Footwear,0,0,0
CUST10256,731,12,3,0.256,4.75,1256.98,0.211,Debit Card,Footwear,0,0,1
CUST10257,577,10,0,0.0,14.24,3269.18,0.467,Debit Card,Footwear,0,0,0
CUST10258,257,11,3,0.303,4.28,1010.49,0.022,Credit Card,Footwear,0,0,1
CUST10259,338,8,0,0.032,6.99,1482.05,0.202,COD,Footwear,0,0,0
CUST10260,88,7,1,0.161,5.65,4378.89,0.367,Wallet,Home & Kitchen,0,1,0
CUST10261,340,6,0,0.054,12.86,1750.47,0.361,COD,Footwear,2,0,0
CUST10262,231,6,1,0.206,3.97,2902.71,0.703,UPI,Beauty,1,1,0
CUST10263,23,8,1,0.079,3.29,638.79,0.158,COD,Fashion,0,0,0
CUST10264,889,11,1,0.128,15.97,1713.38,0.581,COD,Beauty,0,0,0
CUST10265,132,7,3,0.444,3.05,3547.6,0.598,Credit Card,Fashion,1,1,1
CUST10266,202,5,1,0.117,13.65,1004.05,0.305,UPI,Fashion,0,0,0
CUST10267,8,11,2,0.184,4.6,2589.34,0.206,Debit Card,Mobiles,1,0,0
CUST10268,91,9,3,0.305,3.08,1744.12,0.582,UPI,Footwear,0,0,1
CUST10269,426,7,1,0.116,1.37,1590.39,0.247,COD,Electronics,0,1,0
CUST10270,858,6,1,0.184,1.38,1275.98,0.272,COD,Mobiles,0,0,0
CUST10271,277,8,2,0.243,4.73,1195.87,0.116,Credit Card,Footwear,0,1,1
CUST10272,359,10,0,0.034,11.25,2623.82,0.183,UPI,Beauty,1,1,0
CUST10273,120,5,0,0.0,15.07,3666.2,0.099,COD,Electronics,1,0,0
CUST10274,47,10,0,0.039,10.83,256.68,0.134,Debit Card,Footwear,0,0,0
CUST10275,501,11,1,0.123,10.66,1447.66,0.521,COD,Footwear,0,0,0
CUST10276,33,8,1,0.142,8.71,1992.96,0.091,COD,Fashion,0,1,0
CUST10277,259,9,1,0.16,5.17,2160.6,0.305,Wallet,Fashion,0,0,0
CUST10278,214,12,5,0.415,1.45,1411.07,0.788,UPI,Electronics,1,1,1
CUST10279,21,4,2,0.615,3.09,2553.52,0.652,COD,Home & Kitchen,2,0,1
CUST10280,294,5,4,0.803,1.77,609.15,0.458,UPI,Footwear,0,0,1
CUST10281,301,8,1,0.095,5.24,1738.02,0.27,COD,Fashion,1,1,0
CUST10282,74,9,4,0.489,2.0,974.56,0.299,COD,Fashion,2,1,1
CUST10283,1148,7,3,0.498,4.6,3452.1,0.866,COD,Fashion,1,1,1
CUST10284,198,10,1,0.072,13.91,1526.32,0.137,Wallet,Home & Kitchen,0,1,0
CUST10285,313,8,1,0.103,2.42,4381.4,0.283,Credit Card,Mobiles,1,0,0
CUST10286,173,5,0,0.087,11.19,2597.79,0.257,Credit Card,Home & Kitchen,0,0,0
CUST10287,75,7,1,0.111,9.99,4422.44,0.349,COD,Beauty,0,0,0
CUST10288,547,10,1,0.062,8.81,524.67,0.376,COD,Footwear,0,1,0
CUST10289,730,8,0,0.031,3.13,1059.59,0.16,UPI,Electronics,1,0,0
CUST10290,318,4,1,0.131,9.67,2393.92,0.663,COD,Mobiles,0,0,0
CUST10291,963,3,0,0.069,11.91,2274.69,0.222,COD,Beauty,0,1,0
CUST10292,44,8,1,0.082,6.18,2357.39,0.317,COD,Mobiles,0,1,0
CUST10293,97,12,1,0.118,3.77,1111.8,0.518,Credit Card,Fashion,0,0,0
CUST10294,658,8,1,0.084,11.08,2721.51,0.226,Debit Card,Home & Kitchen,0,0,0
CUST10295,63,9,4,0.464,1.31,395.94,0.462,COD,Beauty,4,0,1
CUST10296,47,7,0,0.042,9.18,1115.05,0.659,Credit Card,Footwear,1,0,0
CUST10297,105,9,2,0.185,10.31,977.88,0.21,Credit Card,Electronics,1,0,0
CUST10298,173,7,1,0.123,6.05,516.88,0.286,COD,Fashion,0,0,0
CUST10299,1153,6,1,0.179,8.13,1768.22,0.331,UPI,Fashion,0,0,0
CUST10300,369,5,0,0.064,2.45,2075.8,0.177,Debit Card,Home & Kitchen,0,0,0
CUST10301,187,7,2,0.244,5.4,1293.47,0.809,Debit Card,Fashion,1,0,1
CUST10302,36,6,0,0.062,14.5,2537.79,0.346,UPI,Home & Kitchen,0,0,0
CUST10303,58,8,1,0.103,10.66,439.96,0.427,COD,Footwear,0,0,0
CUST10304,153,7,1,0.101,7.3,1118.6,0.222,COD,Beauty,0,0,0
CUST10305,315,8,1,0.102,10.18,1001.94,0.161,Credit Card,Footwear,0,0,0
CUST10306,127,7,2,0.277,1.03,1053.89,0.648,Credit Card,Books,0,1,1
CUST10307,39,6,1,0.105,14.97,1932.53,0.082,UPI,Books,0,0,0
CUST10308,287,7,1,0.091,9.07,458.79,0.488,COD,Fashion,0,1,0
CUST10309,367,6,3,0.443,3.17,2436.67,0.735,Credit Card,Fashion,1,1,1
CUST10310,403,8,1,0.183,5.51,1903.49,0.441,Debit Card,Electronics,0,0,0
CUST10311,234,9,4,0.4,2.82,2962.01,0.533,COD,Electronics,0,1,1
CUST10312,156,10,1,0.126,5.63,3134.22,0.145,Wallet,Beauty,0,0,0
CUST10313,297,3,0,0.044,7.46,1917.59,0.634,COD,Footwear,1,1,0
CUST10314,337,7,2,0.232,7.88,2234.55,0.198,Credit Card,Beauty,1,0,1
CUST10315,21,10,3,0.266,2.23,1960.4,0.437,Debit Card,Electronics,0,0,1
CUST10316,247,7,4,0.59,2.15,2767.53,0.615,Credit Card,Home & Kitchen,0,0,1
CUST10317,503,6,0,0.036,6.31,3310.33,0.093,Debit Card,Fashion,0,0,0
CUST10318,171,8,3,0.314,9.75,938.94,0.039,COD,Electronics,0,0,1
CUST10319,492,5,3,0.555,0.5,1567.1,0.643,Credit Card,Beauty,1,1,1
CUST10320,58,3,1,0.442,1.79,2132.8,0.748,COD,Mobiles,2,0,1
CUST10321,164,9,2,0.19,5.61,663.14,0.077,Credit Card,Fashion,0,1,0
CUST10322,290,4,1,0.166,8.39,99.47,0.268,COD,Fashion,0,0,0
CUST10323,1090,3,1,0.191,6.22,3151.7,0.06,COD,Home & Kitchen,0,1,0
CUST10324,38,8,1,0.103,11.37,403.23,0.326,COD,Books,0,1,0
CUST10325,155,5,0,0.036,6.73,2193.37,0.654,COD,Mobiles,0,1,0
CUST10326,602,8,2,0.189,0.5,3938.96,0.141,UPI,Mobiles,0,1,0
CUST10327,24,7,1,0.193,4.06,1317.07,0.198,Credit Card,Mobiles,1,0,0
CUST10328,713,9,1,0.113,11.0,4022.17,0.301,COD,Fashion,0,0,0
CUST10329,722,8,1,0.148,11.18,962.49,0.356,Credit Card,Mobiles,0,1,0
CUST10330,489,9,1,0.074,9.25,2680.86,0.282,COD,Mobiles,0,0,0
CUST10331,62,11,6,0.533,2.18,1360.28,0.917,UPI,Beauty,1,1,1
CUST10332,268,5,1,0.252,6.35,560.22,0.368,Wallet,Electronics,0,1,1
CUST10333,283,11,0,0.0,9.78,890.66,0.244,Wallet,Electronics,0,0,0
CUST10334,156,8,0,0.045,8.3,2462.22,0.445,UPI,Fashion,0,0,0
CUST10335,159,7,1,0.112,5.3,2399.1,0.518,UPI,Fashion,0,0,0
CUST10336,54,7,2,0.292,1.91,774.16,0.119,Debit Card,Fashion,0,0,1
CUST10337,834,5,1,0.107,7.01,1777.96,0.428,UPI,Mobiles,0,0,0
CUST10338,689,7,2,0.269,3.87,1968.49,0.341,UPI,Beauty,0,0,1
CUST10339,126,9,3,0.321,7.23,655.07,0.571,Debit Card,Home & Kitchen,1,0,1
CUST10340,157,8,1,0.065,10.5,1746.43,0.306,COD,Footwear,1,1,0
CUST10341,77,4,0,0.0,8.47,1832.24,0.182,Credit Card,Fashion,0,0,0
CUST10342,179,10,1,0.109,8.93,2706.65,0.302,Credit Card,Books,1,0,0
CUST10343,194,7,0,0.066,9.74,1434.48,0.041,COD,Fashion,0,0,0
CUST10344,413,7,1,0.199,4.88,2619.87,0.14,Wallet,Footwear,1,0,0
CUST10345,184,8,0,0.0,9.58,2200.2,0.226,COD,Beauty,0,0,0
CUST10346,8,5,1,0.153,6.99,1897.28,0.208,COD,Fashion,0,0,0
CUST10347,64,10,3,0.257,5.7,2020.17,0.289,COD,Fashion,0,0,1
CUST10348,180,7,0,0.001,11.81,2818.64,0.067,COD,Home & Kitchen,1,1,0
CUST10349,1500,7,1,0.201,7.17,2421.62,0.192,UPI,Home & Kitchen,1,0,0
CUST10350,56,8,1,0.154,6.52,4082.94,0.432,UPI,Beauty,0,0,0
CUST10351,492,6,0,0.057,9.58,3971.51,0.308,Credit Card,Home & Kitchen,2,0,0
CUST10352,154,6,1,0.117,8.72,1535.14,0.197,UPI,Footwear,0,0,0
CUST10353,568,6,0,0.032,14.43,2724.79,0.197,Debit Card,Mobiles,0,1,0
CUST10354,1500,5,0,0.039,12.61,1743.7,0.055,Debit Card,Beauty,0,0,0
CUST10355,162,11,1,0.093,7.55,1100.99,0.37,Credit Card,Fashion,0,1,0
CUST10356,175,6,1,0.139,8.98,716.45,0.277,Credit Card,Fashion,0,1,0
CUST10357,63,6,0,0.018,11.51,1747.43,0.292,UPI,Footwear,0,0,0
CUST10358,96,11,5,0.417,5.97,3252.31,0.117,UPI,Electronics,0,0,1
CUST10359,105,7,1,0.165,13.64,449.09,0.079,COD,Fashion,0,0,0
CUST10360,91,7,2,0.221,8.37,1798.91,0.293,COD,Fashion,0,0,0
CUST10361,164,8,1,0.133,12.4,4720.75,0.223,Credit Card,Fashion,0,0,0
CUST10362,199,9,0,0.044,12.32,1389.69,0.36,Debit Card,Electronics,0,1,0
CUST10363,45,7,1,0.085,14.42,1850.28,0.407,COD,Footwear,1,0,0
CUST10364,18,6,1,0.176,12.49,3856.93,0.16,Credit Card,Mobiles,0,0,0
CUST10365,6,5,0,0.064,4.75,1662.23,0.265,COD,Fashion,0,1,0
CUST10366,1185,3,1,0.277,5.42,2707.01,0.26,Wallet,Footwear,1,0,1
CUST10367,31,9,3,0.335,3.11,2141.52,0.234,Debit Card,Beauty,0,0,1
CUST10368,676,12,3,0.221,5.77,625.77,0.073,Credit Card,Home & Kitchen,0,0,0
CUST10369,329,6,1,0.096,13.82,256.31,0.272,Debit Card,Beauty,0,0,0
CUST10370,362,9,2,0.168,9.6,5309.41,0.133,COD,Electronics,0,0,0
CUST10371,92,3,1,0.438,7.58,1315.77,0.541,COD,Books,0,0,1
CUST10372,376,8,0,0.056,8.87,3842.9,0.039,COD,Beauty,2,0,0
CUST10373,72,8,1,0.145,9.93,2356.09,0.241,COD,Home & Kitchen,0,1,0
CUST10374,124,6,1,0.127,9.37,5063.96,0.212,Debit Card,Footwear,0,1,0
CUST10375,48,9,1,0.088,9.1,1638.67,0.366,Debit Card,Footwear,1,1,0
CUST10376,225,10,2,0.212,1.57,742.56,0.735,COD,Home & Kitchen,0,0,0
CUST10377,814,12,1,0.071,7.94,1100.31,0.166,COD,Beauty,0,1,0
CUST10378,396,1,1,0.539,2.72,2250.01,0.432,Debit Card,Home & Kitchen,1,1,1
CUST10379,353,6,1,0.124,9.24,1957.87,0.104,UPI,Home & Kitchen,0,1,0
CUST10380,186,4,1,0.202,9.12,763.15,0.136,Credit Card,Fashion,0,0,0
CUST10381,306,7,1,0.179,9.22,3470.29,0.422,COD,Home & Kitchen,0,0,0
CUST10382,386,4,0,0.057,9.26,1948.17,0.27,Credit Card,Fashion,0,0,0
CUST10383,236,12,1,0.043,10.54,612.17,0.107,UPI,Electronics,0,1,0
CUST10384,75,12,0,0.0,10.69,654.86,0.425,UPI,Footwear,0,1,0
CUST10385,423,7,1,0.195,6.79,2303.59,0.558,Credit Card,Home & Kitchen,1,0,0
CUST10386,460,4,1,0.192,8.46,1469.21,0.029,UPI,Fashion,0,0,0
CUST10387,898,5,0,0.059,8.97,711.43,0.458,Credit Card,Fashion,0,0,0
CUST10388,338,6,0,0.021,9.27,2837.03,0.363,UPI,Electronics,1,0,0
CUST10389,367,5,1,0.171,2.63,1113.46,0.389,Debit Card,Fashion,0,1,0
CUST10390,93,8,3,0.377,0.5,1973.77,0.613,UPI,Books,1,0,1
CUST10391,40,6,0,0.081,2.17,1591.72,0.244,Wallet,Fashion,0,1,0
CUST10392,249,7,0,0.0,9.65,1241.62,0.395,Credit Card,Electronics,0,1,0
CUST10393,339,6,4,0.702,1.72,506.69,0.258,COD,Electronics,1,0,1
CUST10394,52,9,1,0.058,11.22,4559.17,0.343,COD,Beauty,1,1,0
CUST10395,159,2,0,0.143,6.2,1012.17,0.172,Credit Card,Footwear,0,0,0
CUST10396,407,7,2,0.259,8.97,2643.76,0.081,COD,Mobiles,0,1,1
CUST10397,595,8,1,0.13,9.76,1585.96,0.169,COD,Mobiles,0,0,0
CUST10398,11,9,0,0.043,7.52,1060.87,0.287,COD,Fashion,0,0,0
CUST10399,414,7,1,0.105,10.81,1863.34,0.034,COD,Footwear,0,0,0
CUST10400,105,11,2,0.166,7.66,3012.21,0.362,Debit Card,Fashion,1,0,0
CUST10401,201,9,5,0.544,1.6,2454.65,0.34,Debit Card,Beauty,0,0,1
CUST10402,309,1,0,0.129,8.22,3223.01,0.384,Credit Card,Footwear,0,0,0
CUST10403,88,12,3,0.264,3.46,1203.76,0.137,Credit Card,Beauty,1,1,1
CUST10404,33,4,0,0.008,9.31,389.8,0.242,UPI,Fashion,0,0,0
CUST10405,251,13,2,0.146,11.14,784.15,0.167,Debit Card,Electronics,1,1,0
CUST10406,42,9,0,0.0,7.84,3224.73,0.191,COD,Home & Kitchen,0,0,0
CUST10407,572,6,3,0.583,1.54,923.95,0.574,COD,Electronics,2,1,1
CUST10408,141,8,2,0.298,8.33,2101.83,0.276,UPI,Electronics,1,0,1
CUST10409,14,7,0,0.062,3.96,1208.85,0.353,Credit Card,Books,2,0,0
CUST10410,82,2,0,0.119,10.11,630.36,0.401,Credit Card,Beauty,0,0,0
CUST10411,59,12,1,0.079,5.78,1042.23,0.464,Credit Card,Beauty,0,1,0
CUST10412,617,6,0,0.071,9.48,1582.52,0.472,Credit Card,Mobiles,0,0,0
CUST10413,436,7,0,0.054,8.18,1248.75,0.242,Wallet,Mobiles,1,0,0
CUST10414,677,6,1,0.113,7.49,3040.54,0.626,Credit Card,Electronics,0,0,0
CUST10415,267,12,0,0.021,7.01,1633.2,0.274,COD,Beauty,0,0,0
CUST10416,429,9,1,0.084,9.96,810.88,0.487,COD,Footwear,0,0,0
CUST10417,61,4,0,0.055,9.97,2510.81,0.166,Debit Card,Books,0,0,0
CUST10418,190,2,1,0.352,11.19,1694.73,0.121,Credit Card,Mobiles,0,1,1
CUST10419,87,5,3,0.636,2.44,3632.04,0.801,Credit Card,Home & Kitchen,0,1,1
CUST10420,88,8,0,0.032,8.75,5972.99,0.248,COD,Fashion,1,1,0
CUST10421,384,6,1,0.111,7.12,2012.09,0.204,Debit Card,Electronics,0,0,0
CUST10422,345,7,1,0.087,2.78,1921.12,0.491,COD,Footwear,0,0,0
CUST10423,77,7,2,0.273,5.63,1770.6,0.217,Debit Card,Mobiles,1,0,1
CUST10424,157,10,1,0.051,3.73,627.3,0.332,COD,Home & Kitchen,0,0,0
CUST10425,344,10,2,0.205,6.7,1431.32,0.324,COD,Footwear,0,0,0
CUST10426,92,5,1,0.172,10.17,2667.2,0.363,COD,Electronics,0,1,0
CUST10427,45,11,2,0.16,5.72,1168.94,0.511,Debit Card,Electronics,1,0,0
CUST10428,1500,11,8,0.718,2.33,3194.54,0.481,Debit Card,Home & Kitchen,1,0,1
CUST10429,56,8,1,0.095,8.57,2451.92,0.568,Debit Card,Electronics,1,0,0
CUST10430,552,5,3,0.588,0.53,880.47,0.349,UPI,Books,0,1,1
CUST10431,155,11,3,0.249,11.03,1294.61,0.115,UPI,Footwear,0,1,1
CUST10432,176,7,1,0.151,9.51,2520.67,0.216,Credit Card,Beauty,0,0,0
CUST10433,16,8,0,0.0,10.86,5316.44,0.084,Credit Card,Beauty,1,0,0
CUST10434,438,7,2,0.245,1.4,964.66,0.054,UPI,Footwear,1,1,1
CUST10435,606,8,2,0.207,5.39,1800.73,0.232,UPI,Fashion,0,1,0
CUST10436,698,10,3,0.277,5.06,2132.8,0.05,UPI,Home & Kitchen,0,0,1
CUST10437,197,11,0,0.022,4.2,2825.39,0.312,Debit Card,Mobiles,1,1,0
CUST10438,228,10,0,0.027,11.78,1939.61,0.313,Debit Card,Electronics,1,0,0
CUST10439,182,7,0,0.051,9.89,1658.17,0.252,COD,Home & Kitchen,1,1,0
CUST10440,178,6,4,0.692,2.46,1538.59,0.502,COD,Electronics,0,1,1
CUST10441,35,10,1,0.119,5.63,1796.11,0.151,COD,Beauty,0,1,0
CUST10442,428,7,1,0.113,6.38,473.05,0.392,COD,Electronics,0,0,0
CUST10443,321,6,0,0.031,11.22,2443.42,0.232,Debit Card,Electronics,0,0,0
CUST10444,6,10,1,0.057,6.22,3736.29,0.483,COD,Electronics,0,1,0
CUST10445,35,7,3,0.357,8.85,1232.52,0.232,COD,Electronics,0,0,1
CUST10446,932,7,1,0.089,5.01,997.9,0.235,Credit Card,Mobiles,0,1,0
CUST10447,108,9,2,0.168,10.44,2044.56,0.291,COD,Books,0,1,0
CUST10448,228,7,0,0.065,6.9,1498.28,0.147,COD,Footwear,0,1,0
CUST10449,33,6,1,0.209,10.26,2560.43,0.771,COD,Fashion,0,0,0
CUST10450,667,7,0,0.042,10.64,1240.74,0.396,COD,Footwear,0,0,0
CUST10451,709,2,0,0.118,8.72,709.82,0.133,UPI,Mobiles,0,1,0
CUST10452,249,8,2,0.277,4.89,645.52,0.53,UPI,Footwear,0,0,1
CUST10453,358,6,2,0.312,9.18,3294.53,0.26,COD,Home & Kitchen,0,0,1
CUST10454,273,10,2,0.204,6.56,2474.32,0.357,UPI,Home & Kitchen,0,0,0
CUST10455,53,4,0,0.122,10.94,1903.34,0.312,UPI,Footwear,0,1,0
CUST10456,17,4,1,0.336,8.72,410.54,0.437,UPI,Footwear,0,0,1
CUST10457,20,7,0,0.002,7.09,1988.87,0.137,Credit Card,Mobiles,0,0,0
CUST10458,317,10,1,0.101,4.36,3698.73,0.31,Debit Card,Beauty,0,0,0
CUST10459,175,10,2,0.193,8.86,3484.39,0.159,COD,Electronics,1,1,0
CUST10460,442,7,1,0.127,6.16,1428.38,0.48,COD,Beauty,0,0,0
CUST10461,122,7,2,0.235,6.24,2193.02,0.283,UPI,Mobiles,1,0,1
CUST10462,1392,6,1,0.23,5.04,1113.1,0.5,Credit Card,Beauty,1,1,1
CUST10463,454,3,1,0.192,6.3,1209.21,0.584,Credit Card,Footwear,1,0,0
CUST10464,368,9,1,0.06,1.58,1402.83,0.244,UPI,Home & Kitchen,0,0,0
CUST10465,578,9,1,0.124,4.37,4553.14,0.255,Debit Card,Fashion,0,0,0
CUST10466,104,6,1,0.183,4.16,301.67,0.041,COD,Fashion,0,0,0
CUST10467,332,5,0,0.062,9.53,1759.79,0.195,UPI,Beauty,0,0,0
CUST10468,19,6,1,0.192,10.0,2479.68,0.039,Credit Card,Electronics,0,0,0
CUST10469,620,7,1,0.145,10.27,1899.21,0.184,COD,Footwear,0,1,0
CUST10470,133,11,2,0.186,10.0,3009.92,0.178,Credit Card,Fashion,0,0,0
CUST10471,289,11,1,0.09,17.06,841.6,0.241,UPI,Electronics,1,1,0
CUST10472,95,6,0,0.036,10.47,682.18,0.481,UPI,Mobiles,1,0,0
CUST10473,81,7,2,0.214,5.16,383.73,0.178,COD,Beauty,0,0,0
CUST10474,352,7,1,0.211,3.68,3437.62,0.037,COD,Electronics,0,0,0
CUST10475,434,8,1,0.097,11.23,2473.88,0.285,Debit Card,Mobiles,0,1,0
CUST10476,301,6,1,0.157,10.26,2450.18,0.463,Debit Card,Footwear,1,1,0
CUST10477,201,14,1,0.098,4.67,1515.76,0.423,UPI,Fashion,0,0,0
CUST10478,106,11,1,0.071,8.09,5302.13,0.154,Credit Card,Fashion,0,0,0
CUST10479,150,8,4,0.44,1.42,1061.58,0.675,COD,Fashion,0,0,1
CUST10480,433,13,2,0.131,10.16,1231.0,0.293,UPI,Electronics,0,0,0
CUST10481,62,15,1,0.059,7.36,1031.65,0.156,Credit Card,Fashion,1,0,0
CUST10482,396,11,1,0.057,6.06,1720.2,0.438,Credit Card,Beauty,1,0,0
CUST10483,162,6,3,0.441,5.37,310.88,0.602,Credit Card,Electronics,0,0,1
CUST10484,315,8,1,0.114,7.61,1396.32,0.269,Credit Card,Footwear,2,0,0
CUST10485,40,6,0,0.042,6.87,1890.97,0.097,UPI,Beauty,2,0,0
CUST10486,312,6,0,0.0,8.15,804.23,0.378,COD,Books,1,0,0
CUST10487,87,11,8,0.759,1.95,1772.21,0.396,COD,Fashion,4,1,1
CUST10488,509,13,3,0.256,6.11,1540.95,0.247,UPI,Mobiles,1,0,1
CUST10489,587,3,1,0.197,4.89,2438.0,0.156,COD,Mobiles,0,0,0
CUST10490,25,8,4,0.548,0.66,2316.06,0.719,COD,Books,0,1,1
CUST10491,6,5,0,0.02,7.72,1314.03,0.407,UPI,Electronics,0,0,0
CUST10492,388,12,1,0.06,3.06,5383.11,0.263,COD,Electronics,0,0,0
CUST10493,596,5,0,0.068,6.38,456.39,0.321,Debit Card,Fashion,0,1,0
CUST10494,230,12,1,0.072,8.52,1039.0,0.172,Credit Card,Electronics,0,0,0
CUST10495,429,12,1,0.055,6.71,3520.53,0.054,COD,Home & Kitchen,2,0,0
CUST10496,805,11,1,0.082,14.54,3547.19,0.582,Credit Card,Fashion,0,0,0
CUST10497,572,10,2,0.156,8.55,615.11,0.166,COD,Home & Kitchen,1,1,0
CUST10498,133,11,1,0.052,8.05,948.93,0.133,Wallet,Beauty,0,0,0
CUST10499,318,2,0,0.056,0.76,2255.38,0.228,Debit Card,Home & Kitchen,0,0,0
CUST10500,290,10,2,0.193,3.57,1689.47,0.205,UPI,Footwear,0,0,0
CUST10501,175,9,1,0.061,9.91,349.76,0.388,Debit Card,Electronics,0,0,0
CUST10502,37,4,1,0.22,0.76,1524.64,0.051,COD,Fashion,0,1,0
CUST10503,448,7,1,0.136,11.03,1970.5,0.424,UPI,Books,0,1,0
CUST10504,36,5,1,0.274,1.0,3602.45,0.459,Credit Card,Books,0,1,1
CUST10505,108,4,0,0.088,8.91,414.83,0.314,UPI,Beauty,0,0,0
CUST10506,728,10,1,0.09,8.8,2316.67,0.426,UPI,Fashion,1,0,0
CUST10507,1277,8,1,0.143,5.26,3873.89,0.176,COD,Home & Kitchen,0,1,0
CUST10508,450,7,2,0.252,2.65,884.28,0.297,UPI,Footwear,0,1,1
CUST10509,229,10,2,0.234,7.17,1893.2,0.274,UPI,Home & Kitchen,0,0,1
CUST10510,1500,7,3,0.369,2.42,833.61,0.607,Credit Card,Beauty,2,0,1
CUST10511,316,8,1,0.099,12.36,1581.08,0.284,COD,Mobiles,1,1,0
CUST10512,112,6,3,0.55,1.33,3167.77,0.573,UPI,Beauty,0,0,1
CUST10513,348,7,0,0.039,11.06,1084.33,0.294,COD,Fashion,1,0,0
CUST10514,440,8,1,0.11,7.79,2892.73,0.412,Credit Card,Books,0,0,0
CUST10515,21,5,0,0.02,10.34,2456.77,0.105,UPI,Fashion,0,0,0
CUST10516,171,9,0,0.024,12.3,4338.71,0.29,UPI,Fashion,0,1,0
CUST10517,151,7,0,0.0,12.14,1788.83,0.146,COD,Fashion,1,1,0
CUST10518,644,4,1,0.264,10.37,263.28,0.446,UPI,Home & Kitchen,0,1,1
CUST10519,608,7,1,0.1,5.9,2617.98,0.456,UPI,Beauty,0,0,0
CUST10520,13,9,1,0.157,3.07,1391.29,0.319,COD,Home & Kitchen,0,0,0
CUST10521,404,6,1,0.13,7.63,971.25,0.414,COD,Footwear,0,1,0
CUST10522,415,10,2,0.152,6.28,4687.82,0.249,UPI,Fashion,0,0,0
CUST10523,426,7,1,0.111,14.96,1882.9,0.312,UPI,Beauty,2,0,0
CUST10524,114,6,1,0.23,6.35,2029.62,0.085,COD,Fashion,1,0,1
CUST10525,13,5,1,0.167,3.3,2191.27,0.11,UPI,Fashion,0,1,0
CUST10526,288,10,2,0.158,13.22,1980.63,0.231,COD,Footwear,1,1,0
CUST10527,525,6,1,0.177,7.65,1492.69,0.085,COD,Fashion,2,0,0
CUST10528,52,6,1,0.117,8.09,951.13,0.243,UPI,Electronics,0,0,0
CUST10529,582,8,1,0.129,8.3,263.14,0.379,COD,Books,0,0,0
CUST10530,226,8,7,0.889,4.6,764.59,0.339,Debit Card,Home & Kitchen,0,0,1
CUST10531,129,9,2,0.193,7.41,2074.45,0.388,Wallet,Books,0,1,0
CUST10532,212,8,1,0.091,11.69,1485.29,0.346,Debit Card,Fashion,0,0,0
CUST10533,104,6,1,0.118,5.72,922.71,0.054,Wallet,Mobiles,0,1,0
CUST10534,6,3,0,0.161,7.44,590.11,0.424,UPI,Fashion,0,0,0
CUST10535,395,7,1,0.13,6.59,1774.6,0.37,Credit Card,Fashion,1,1,0
CUST10536,142,5,2,0.327,7.92,3200.94,0.318,Wallet,Beauty,0,0,1
CUST10537,17,6,1,0.098,10.28,5285.92,0.381,Wallet,Footwear,0,0,0
CUST10538,63,10,3,0.289,4.36,878.95,0.098,UPI,Beauty,0,1,1
CUST10539,64,12,2,0.154,5.22,1299.58,0.427,COD,Footwear,0,0,0
CUST10540,151,8,1,0.108,9.16,2533.85,0.169,COD,Home & Kitchen,0,0,0
CUST10541,336,6,1,0.23,4.01,513.0,0.375,UPI,Footwear,0,0,1
CUST10542,5,4,2,0.568,0.84,3313.6,0.802,Debit Card,Beauty,1,0,1
CUST10543,557,7,0,0.052,9.05,569.25,0.139,Debit Card,Footwear,1,0,0
CUST10544,66,6,1,0.221,5.97,834.84,0.345,Debit Card,Footwear,0,0,0
CUST10545,1208,8,0,0.055,10.46,1976.22,0.329,COD,Beauty,0,1,0
CUST10546,179,5,1,0.109,6.76,3529.14,0.11,COD,Beauty,0,0,0
CUST10547,237,11,1,0.09,5.98,1835.33,0.089,COD,Home & Kitchen,1,0,0
CUST10548,238,9,1,0.088,11.9,715.23,0.505,COD,Electronics,1,0,0
CUST10549,218,9,2,0.232,1.45,4996.01,0.359,COD,Mobiles,0,0,1
CUST10550,391,6,1,0.13,4.46,2076.47,0.263,Debit Card,Home & Kitchen,0,1,0
CUST10551,1056,7,2,0.269,7.16,698.38,0.279,COD,Fashion,0,0,1
CUST10552,19,5,1,0.121,9.96,2246.51,0.215,Wallet,Mobiles,1,0,0
CUST10553,548,9,1,0.122,10.39,1607.9,0.301,UPI,Mobiles,1,1,0
CUST10554,152,9,1,0.145,6.86,3076.83,0.569,Debit Card,Fashion,0,0,0
CUST10555,13,5,0,0.098,6.31,1528.21,0.512,UPI,Fashion,0,0,0
CUST10556,378,7,1,0.15,9.74,3109.32,0.304,Credit Card,Mobiles,0,0,0
CUST10557,163,8,2,0.301,0.5,1329.89,0.241,Credit Card,Mobiles,0,1,1
CUST10558,79,10,1,0.102,8.09,1969.11,0.288,Credit Card,Electronics,0,0,0
CUST10559,923,7,1,0.081,9.21,2599.87,0.194,UPI,Home & Kitchen,0,0,0
CUST10560,88,6,0,0.006,13.52,802.11,0.754,COD,Home & Kitchen,1,0,0
CUST10561,10,7,1,0.073,8.63,2259.67,0.158,Debit Card,Home & Kitchen,0,0,0
CUST10562,249,8,3,0.348,6.97,1823.02,0.118,COD,Beauty,0,0,1
CUST10563,632,6,0,0.083,10.32,2944.35,0.219,COD,Beauty,1,1,0
CUST10564,207,4,3,0.733,1.03,998.58,0.561,Credit Card,Fashion,1,1,1
CUST10565,482,5,1,0.166,8.59,1649.28,0.179,COD,Electronics,2,0,0
CUST10566,725,7,1,0.106,6.41,2683.8,0.19,Debit Card,Electronics,1,0,0
CUST10567,9,8,2,0.265,7.66,2068.81,0.189,Wallet,Fashion,0,0,1
CUST10568,96,7,2,0.246,6.21,2352.6,0.493,COD,Fashion,0,1,1
CUST10569,7,7,1,0.158,4.16,1663.75,0.217,Debit Card,Books,0,0,0
CUST10570,993,8,1,0.161,10.33,156.74,0.425,COD,Mobiles,0,1,0
CUST10571,227,10,3,0.303,2.56,1464.3,0.283,Credit Card,Home & Kitchen,0,0,1
CUST10572,92,7,3,0.374,4.4,2381.38,0.618,UPI,Home & Kitchen,2,1,1
CUST10573,83,11,1,0.089,5.63,380.62,0.429,Debit Card,Footwear,0,1,0
CUST10574,54,5,0,0.09,11.82,1825.01,0.181,Credit Card,Fashion,0,1,0
CUST10575,15,14,1,0.036,6.05,1602.72,0.313,Credit Card,Mobiles,0,1,0
CUST10576,211,8,1,0.161,6.97,1733.99,0.205,COD,Mobiles,0,1,0
CUST10577,53,7,0,0.071,6.36,1772.11,0.347,Credit Card,Fashion,0,0,0
CUST10578,300,4,3,0.696,4.07,772.59,0.703,Credit Card,Books,3,1,1
CUST10579,641,8,1,0.143,6.59,2661.44,0.051,COD,Fashion,0,1,0
CUST10580,153,15,2,0.113,2.93,2252.01,0.218,Wallet,Fashion,0,0,0
CUST10581,316,7,0,0.019,1.57,775.45,0.363,UPI,Home & Kitchen,0,0,0
CUST10582,308,7,3,0.364,8.56,2115.04,0.197,COD,Mobiles,0,0,1
CUST10583,451,7,0,0.066,7.15,1356.88,0.343,Debit Card,Electronics,0,0,0
CUST10584,508,5,0,0.078,9.83,2251.61,0.243,UPI,Fashion,0,1,0
CUST10585,102,5,1,0.123,0.7,7298.38,0.454,UPI,Mobiles,2,0,0
CUST10586,62,8,4,0.462,3.76,1641.53,0.474,COD,Electronics,2,1,1
CUST10587,75,7,0,0.052,7.41,4036.24,0.159,Credit Card,Beauty,0,1,0
CUST10588,456,4,1,0.302,7.78,2511.68,0.539,COD,Fashion,0,0,1
CUST10589,52,6,1,0.168,6.96,1796.55,0.253,COD,Fashion,0,0,0
CUST10590,41,9,6,0.69,1.9,714.36,0.503,Credit Card,Fashion,2,1,1
CUST10591,560,18,2,0.087,11.03,954.18,0.163,COD,Fashion,1,0,0
CUST10592,215,5,1,0.135,7.56,1769.07,0.4,UPI,Beauty,0,0,0
CUST10593,301,11,2,0.147,6.34,5240.58,0.25,COD,Electronics,1,0,0
CUST10594,945,7,1,0.201,4.16,2827.11,0.387,UPI,Books,0,1,0
CUST10595,153,7,1,0.072,6.85,1084.51,0.164,Credit Card,Electronics,0,1,0
CUST10596,702,5,4,0.778,2.92,1954.39,0.602,Credit Card,Home & Kitchen,2,1,1
CUST10597,633,9,0,0.053,10.28,560.25,0.266,COD,Electronics,0,0,0
CUST10598,279,9,1,0.086,5.87,1017.51,0.117,UPI,Electronics,0,1,0
CUST10599,233,8,1,0.151,7.77,2180.21,0.143,UPI,Books,0,1,0
CUST10600,55,9,4,0.447,8.96,3307.89,0.181,Credit Card,Mobiles,0,0,1
CUST10601,663,8,1,0.123,6.99,1092.07,0.038,Debit Card,Footwear,0,1,0
CUST10602,291,14,1,0.089,9.35,723.27,0.479,UPI,Fashion,1,0,0
CUST10603,66,6,1,0.182,3.47,3371.9,0.303,COD,Electronics,0,0,0
CUST10604,1500,7,1,0.108,7.23,1595.28,0.566,UPI,Fashion,0,0,0
CUST10605,35,11,1,0.12,8.12,3715.56,0.508,COD,Books,0,0,0
CUST10606,229,9,0,0.0,8.37,2553.15,0.173,UPI,Fashion,0,0,0
CUST10607,592,14,2,0.149,4.52,4269.91,0.167,UPI,Beauty,1,0,0
CUST10608,213,5,0,0.042,5.69,832.31,0.389,UPI,Home & Kitchen,0,1,0
CUST10609,172,8,2,0.268,7.57,420.77,0.588,UPI,Home & Kitchen,0,0,1
CUST10610,559,6,1,0.111,8.36,799.98,0.097,Debit Card,Fashion,1,0,0
CUST10611,517,10,1,0.083,6.73,754.28,0.182,Credit Card,Home & Kitchen,0,0,0
CUST10612,94,13,0,0.035,8.79,2735.58,0.133,COD,Fashion,1,1,0
CUST10613,142,7,0,0.0,7.68,709.99,0.18,UPI,Beauty,0,0,0
CUST10614,444,10,1,0.114,9.22,1152.05,0.482,COD,Books,0,1,0
CUST10615,185,11,2,0.22,1.82,2254.59,0.588,Credit Card,Fashion,0,0,0
CUST10616,1252,9,1,0.154,8.58,603.11,0.641,UPI,Beauty,1,0,0
CUST10617,614,5,1,0.206,3.18,1656.08,0.535,COD,Electronics,0,0,0
CUST10618,33,4,0,0.108,5.01,1121.61,0.158,Credit Card,Fashion,0,0,0
CUST10619,499,8,0,0.029,14.73,2641.96,0.169,UPI,Mobiles,0,0,0
CUST10620,267,5,1,0.277,6.77,1895.89,0.076,COD,Beauty,0,1,1
CUST10621,130,6,1,0.095,11.38,1143.33,0.144,Wallet,Fashion,0,0,0
CUST10622,90,8,0,0.048,10.06,601.23,0.099,COD,Fashion,0,0,0
CUST10623,42,5,0,0.093,4.65,826.52,0.138,Credit Card,Electronics,0,0,0
CUST10624,158,7,0,0.009,12.38,1882.31,0.331,Wallet,Books,0,0,0
CUST10625,52,9,2,0.194,5.9,1752.13,0.328,COD,Footwear,0,0,0
CUST10626,223,13,1,0.06,4.95,2526.9,0.548,Credit Card,Beauty,0,1,0
CUST10627,830,17,1,0.079,9.85,1138.79,0.07,COD,Books,0,0,0
CUST10628,8,5,1,0.233,5.4,2175.61,0.102,COD,Mobiles,0,0,1
CUST10629,228,4,0,0.1,4.24,1344.63,0.242,Credit Card,Footwear,0,1,0
CUST10630,157,4,1,0.206,5.72,1720.18,0.476,COD,Beauty,1,1,0
CUST10631,72,7,0,0.053,11.56,314.41,0.084,UPI,Fashion,1,1,0
CUST10632,105,10,2,0.155,12.53,717.95,0.299,COD,Mobiles,0,0,0
CUST10633,1165,5,1,0.224,2.93,804.15,0.657,Debit Card,Fashion,1,0,0
CUST10634,199,7,1,0.074,7.95,2072.74,0.32,Debit Card,Fashion,0,0,0
CUST10635,404,10,1,0.079,14.95,2017.64,0.106,COD,Mobiles,1,0,0
CUST10636,842,11,2,0.143,7.08,211.47,0.463,UPI,Footwear,0,0,0
CUST10637,32,9,1,0.121,12.53,625.36,0.634,COD,Electronics,1,1,0
CUST10638,762,8,1,0.076,12.17,1582.31,0.21,Credit Card,Beauty,1,1,0
CUST10639,157,5,0,0.084,8.36,4237.56,0.471,UPI,Fashion,0,1,0
CUST10640,275,11,1,0.06,14.48,318.5,0.066,Debit Card,Mobiles,1,0,0
CUST10641,192,6,2,0.358,0.5,600.6,0.182,UPI,Fashion,0,0,1
CUST10642,86,9,1,0.155,6.2,1959.09,0.446,COD,Footwear,1,0,0
CUST10643,270,4,1,0.175,7.85,2647.88,0.256,Debit Card,Home & Kitchen,0,0,0
CUST10644,225,7,0,0.0,4.23,1859.16,0.243,Credit Card,Fashion,1,1,0
CUST10645,20,10,3,0.323,3.91,333.55,0.309,UPI,Beauty,0,0,1
CUST10646,16,9,1,0.102,3.63,2341.44,0.152,COD,Mobiles,1,1,0
CUST10647,313,5,1,0.112,2.05,1301.65,0.323,COD,Footwear,0,0,0
CUST10648,141,7,1,0.093,8.13,1413.74,0.205,Debit Card,Footwear,1,0,0
CUST10649,26,8,2,0.281,4.92,348.02,0.201,UPI,Mobiles,0,1,1
CUST10650,122,7,1,0.159,3.55,1575.3,0.638,COD,Footwear,2,0,0
CUST10651,15,5,1,0.108,3.03,1769.41,0.121,Credit Card,Mobiles,0,0,0
CUST10652,583,6,0,0.041,6.37,1078.09,0.205,UPI,Footwear,1,1,0
CUST10653,162,8,1,0.186,6.02,1724.27,0.214,COD,Electronics,0,0,0
CUST10654,61,7,1,0.075,15.07,1369.0,0.123,Credit Card,Fashion,0,1,0
CUST10655,260,8,5,0.656,4.49,1865.29,0.728,Debit Card,Mobiles,2,0,1
CUST10656,1178,8,2,0.298,8.16,1563.3,0.091,Credit Card,Books,0,0,1
CUST10657,1315,13,1,0.074,8.29,3284.91,0.506,COD,Mobiles,0,0,0
CUST10658,771,12,1,0.068,8.6,1656.83,0.55,UPI,Fashion,0,0,0
CUST10659,457,11,2,0.149,9.97,150.51,0.28,COD,Footwear,0,0,0
CUST10660,485,4,2,0.569,1.98,2399.39,0.723,Credit Card,Home & Kitchen,2,1,1
CUST10661,179,9,1,0.081,8.96,1704.47,0.466,Wallet,Home & Kitchen,0,0,0
CUST10662,268,5,2,0.329,2.13,4176.53,0.163,Debit Card,Fashion,0,1,1
CUST10663,861,10,3,0.267,5.33,3489.71,0.448,Credit Card,Footwear,0,0,1
CUST10664,439,11,1,0.111,3.52,987.28,0.401,UPI,Electronics,0,0,0
CUST10665,19,6,2,0.298,3.5,829.9,0.283,COD,Fashion,0,0,1
CUST10666,153,5,1,0.167,7.83,2009.05,0.107,Debit Card,Fashion,2,0,0
CUST10667,128,9,1,0.109,10.67,596.23,0.276,COD,Fashion,1,0,0
CUST10668,123,10,1,0.085,5.49,355.53,0.205,UPI,Fashion,0,1,0
CUST10669,729,5,2,0.326,7.84,1987.52,0.297,COD,Footwear,1,0,1
CUST10670,226,4,0,0.054,6.92,1747.09,0.034,COD,Mobiles,0,0,0
CUST10671,153,7,0,0.057,7.81,387.86,0.179,COD,Fashion,0,0,0
CUST10672,10,8,6,0.752,2.65,510.07,0.337,UPI,Electronics,3,1,1
CUST10673,1028,10,0,0.049,4.21,2759.4,0.13,Debit Card,Footwear,0,0,0
CUST10674,155,10,0,0.039,11.44,1422.05,0.392,Credit Card,Fashion,0,0,0
CUST10675,130,6,1,0.116,2.48,2737.67,0.302,Wallet,Home & Kitchen,1,0,0
CUST10676,59,5,0,0.063,11.01,2842.4,0.363,COD,Fashion,1,0,0
CUST10677,207,12,1,0.08,7.75,3835.57,0.334,Credit Card,Beauty,1,0,0
CUST10678,431,7,1,0.072,10.25,2426.83,0.568,UPI,Home & Kitchen,0,1,0
CUST10679,111,8,1,0.164,10.2,4963.79,0.131,COD,Fashion,0,0,0
CUST10680,495,8,2,0.228,6.1,2063.02,0.45,COD,Fashion,0,0,0
CUST10681,65,10,2,0.164,4.88,1453.05,0.476,COD,Footwear,0,0,0
CUST10682,564,7,1,0.083,10.83,1568.7,0.595,COD,Footwear,0,1,0
CUST10683,314,11,2,0.208,5.88,2656.69,0.269,COD,Beauty,0,0,0
CUST10684,384,10,1,0.108,13.74,2400.75,0.088,Credit Card,Mobiles,2,0,0
CUST10685,111,8,3,0.416,8.6,3117.92,0.217,Credit Card,Mobiles,1,0,1
CUST10686,227,9,1,0.089,9.14,3100.5,0.435,Credit Card,Fashion,1,1,0
CUST10687,679,10,2,0.211,8.49,3746.75,0.18,COD,Fashion,0,0,0
CUST10688,18,16,1,0.082,6.83,1192.45,0.346,Debit Card,Fashion,0,0,0
CUST10689,273,7,1,0.136,7.37,2735.85,0.356,Credit Card,Mobiles,0,0,0
CUST10690,933,8,1,0.155,4.92,1128.73,0.332,UPI,Home & Kitchen,0,0,0
CUST10691,175,10,1,0.094,10.47,6330.65,0.266,Credit Card,Mobiles,1,0,0
CUST10692,183,6,4,0.618,2.4,64.43,0.408,UPI,Footwear,2,0,1
CUST10693,24,5,1,0.131,6.52,899.73,0.51,Credit Card,Fashion,0,1,0
CUST10694,846,8,1,0.149,10.68,2900.86,0.653,Credit Card,Fashion,1,1,0
CUST10695,59,10,1,0.09,10.75,1375.94,0.334,Credit Card,Electronics,0,0,0
CUST10696,369,14,1,0.094,7.39,866.72,0.329,Debit Card,Electronics,0,0,0
CUST10697,129,9,2,0.185,6.36,941.31,0.204,COD,Fashion,0,0,0
CUST10698,31,7,2,0.351,11.48,1299.28,0.338,COD,Electronics,0,1,1
CUST10699,188,9,1,0.074,3.94,2790.25,0.235,UPI,Footwear,1,1,0
CUST10700,416,8,0,0.016,9.32,1647.55,0.586,UPI,Fashion,0,0,0
CUST10701,1338,14,0,0.0,9.25,1724.63,0.114,Debit Card,Fashion,0,0,0
CUST10702,271,9,0,0.0,6.89,2604.64,0.591,COD,Electronics,1,0,0
CUST10703,67,7,1,0.19,10.18,2387.24,0.165,Credit Card,Footwear,1,0,0
CUST10704,296,7,1,0.088,11.2,3892.3,0.177,UPI,Footwear,0,0,0
CUST10705,160,8,3,0.328,6.9,655.6,0.631,Wallet,Footwear,1,0,1
CUST10706,422,9,0,0.053,4.55,4555.17,0.463,UPI,Electronics,0,0,0
CUST10707,84,14,0,0.015,10.38,1194.46,0.572,Credit Card,Home & Kitchen,0,0,0
CUST10708,286,4,1,0.15,9.06,405.46,0.257,UPI,Fashion,1,0,0
CUST10709,71,7,2,0.338,3.87,2106.05,0.281,Credit Card,Fashion,0,1,1
CUST10710,310,11,0,0.023,11.7,1211.87,0.348,COD,Home & Kitchen,0,1,0
CUST10711,297,14,0,0.033,11.26,2731.75,0.48,COD,Electronics,0,0,0
CUST10712,28,10,1,0.099,8.41,136.26,0.187,UPI,Fashion,0,0,0
CUST10713,50,7,1,0.117,8.59,2485.04,0.14,COD,Home & Kitchen,0,0,0
CUST10714,10,7,1,0.097,11.04,2081.75,0.141,UPI,Mobiles,1,1,0
CUST10715,21,9,1,0.072,6.15,5342.62,0.334,COD,Home & Kitchen,0,1,0
CUST10716,408,14,1,0.095,2.29,2144.41,0.385,UPI,Home & Kitchen,0,0,0
CUST10717,154,10,3,0.274,10.15,3283.64,0.299,Debit Card,Fashion,0,1,1
CUST10718,13,5,1,0.128,3.8,2797.93,0.459,COD,Footwear,0,0,0
CUST10719,42,6,0,0.047,8.86,951.84,0.184,Credit Card,Footwear,0,0,0
CUST10720,253,8,2,0.292,6.81,1708.33,0.761,COD,Home & Kitchen,1,0,1
CUST10721,131,8,0,0.052,4.96,2324.17,0.262,Credit Card,Home & Kitchen,0,0,0
CUST10722,377,7,1,0.097,11.22,3170.73,0.319,UPI,Footwear,0,0,0
CUST10723,714,8,0,0.059,13.28,2592.35,0.49,COD,Beauty,1,0,0
CUST10724,552,8,0,0.017,6.57,5076.06,0.053,COD,Beauty,1,0,0
CUST10725,1302,7,1,0.117,13.46,3410.62,0.398,UPI,Electronics,1,1,0
CUST10726,105,7,1,0.147,5.22,1679.54,0.201,COD,Mobiles,0,0,0
CUST10727,391,9,3,0.334,1.95,777.97,0.599,Credit Card,Beauty,1,1,1
CUST10728,85,6,1,0.101,4.33,1152.5,0.023,Credit Card,Footwear,0,1,0
CUST10729,7,12,10,0.823,2.76,3450.11,0.348,COD,Fashion,0,1,1
CUST10730,161,7,0,0.057,3.98,1077.73,0.602,COD,Home & Kitchen,1,0,0
CUST10731,360,8,1,0.118,8.87,597.75,0.032,COD,Electronics,1,1,0
CUST10732,21,7,2,0.235,6.28,4459.6,0.256,UPI,Beauty,0,0,1
CUST10733,262,8,1,0.096,10.41,2306.57,0.477,UPI,Footwear,0,0,0
CUST10734,53,5,0,0.034,8.25,609.73,0.114,UPI,Home & Kitchen,0,1,0
CUST10735,374,3,0,0.118,13.3,2854.14,0.548,UPI,Mobiles,0,0,0
CUST10736,805,11,2,0.165,11.78,807.56,0.334,UPI,Footwear,0,0,0
CUST10737,366,12,3,0.258,7.15,1025.95,0.567,COD,Mobiles,2,1,1
CUST10738,72,11,1,0.093,5.06,278.5,0.047,COD,Books,0,0,0
CUST10739,135,5,0,0.027,9.71,1598.25,0.264,Credit Card,Fashion,0,0,0
CUST10740,90,13,1,0.081,0.5,1505.14,0.303,COD,Electronics,0,0,0
CUST10741,21,10,3,0.253,7.69,3394.39,0.29,Wallet,Home & Kitchen,0,0,1
CUST10742,359,8,1,0.166,3.7,1070.31,0.476,Debit Card,Home & Kitchen,1,0,0
CUST10743,183,10,1,0.115,9.31,1095.3,0.624,UPI,Electronics,0,1,0
CUST10744,579,9,0,0.031,12.2,1453.44,0.231,COD,Beauty,0,0,0
CUST10745,43,6,0,0.079,12.14,982.02,0.089,Credit Card,Footwear,0,0,0
CUST10746,33,9,2,0.216,3.82,1934.93,0.455,Credit Card,Electronics,0,1,0
CUST10747,328,6,1,0.232,10.56,840.38,0.132,UPI,Home & Kitchen,0,1,1
CUST10748,482,7,1,0.121,4.1,3340.64,0.636,UPI,Fashion,0,0,0
CUST10749,289,13,2,0.124,6.03,689.34,0.048,COD,Mobiles,0,0,0
CUST10750,554,11,2,0.211,2.97,1915.11,0.825,COD,Home & Kitchen,0,1,0
CUST10751,146,7,1,0.106,12.55,476.57,0.242,Wallet,Beauty,0,0,0
CUST10752,353,8,3,0.326,1.97,4151.29,0.294,Credit Card,Fashion,0,0,1
CUST10753,250,7,1,0.102,10.4,3594.78,0.498,Credit Card,Fashion,0,1,0
CUST10754,176,13,1,0.067,13.54,5850.28,0.399,Credit Card,Beauty,1,0,0
CUST10755,32,11,2,0.154,10.79,1673.51,0.212,Debit Card,Fashion,0,0,0
CUST10756,125,12,0,0.0,15.34,1998.43,0.107,Credit Card,Fashion,1,1,0
CUST10757,321,6,2,0.317,3.24,1592.16,0.573,UPI,Fashion,0,0,1
CUST10758,418,7,0,0.026,11.9,2480.35,0.025,COD,Mobiles,0,1,0
CUST10759,74,12,1,0.104,5.47,1416.14,0.304,UPI,Fashion,0,0,0
CUST10760,201,12,1,0.107,12.78,2366.48,0.293,Credit Card,Beauty,3,1,0
CUST10761,187,10,0,0.0,9.96,1157.91,0.038,Debit Card,Home & Kitchen,0,0,0
CUST10762,598,7,1,0.133,7.43,1683.83,0.319,COD,Fashion,2,1,0
CUST10763,497,2,0,0.059,9.06,490.24,0.228,UPI,Home & Kitchen,0,1,0
CUST10764,152,6,1,0.106,7.02,1822.71,0.23,COD,Beauty,0,0,0
CUST10765,88,14,4,0.275,7.26,2357.33,0.309,UPI,Books,0,0,1
CUST10766,455,15,2,0.102,12.51,1717.15,0.174,Wallet,Fashion,0,1,0
CUST10767,344,12,6,0.485,4.55,2936.71,0.481,Wallet,Fashion,0,1,1
CUST10768,150,7,0,0.042,10.76,2730.0,0.211,UPI,Fashion,1,0,0
CUST10769,6,10,1,0.093,3.44,2237.57,0.25,Credit Card,Home & Kitchen,1,0,0
CUST10770,178,14,1,0.066,9.34,992.98,0.094,UPI,Home & Kitchen,0,0,0
CUST10771,434,6,3,0.5,2.54,1689.07,0.439,COD,Mobiles,1,1,1
CUST10772,173,8,1,0.089,4.61,2102.93,0.079,UPI,Fashion,0,1,0
CUST10773,523,7,1,0.139,9.28,1052.12,0.078,UPI,Beauty,0,0,0
CUST10774,427,3,0,0.071,6.03,1497.1,0.219,Debit Card,Fashion,0,0,0
CUST10775,5,9,1,0.14,4.67,4604.38,0.855,COD,Fashion,2,1,0
CUST10776,340,7,0,0.0,6.12,1481.74,0.055,Debit Card,Mobiles,0,0,0
CUST10777,579,10,2,0.191,4.8,452.24,0.313,COD,Beauty,0,0,0
CUST10778,106,7,0,0.042,3.73,1421.52,0.422,COD,Books,1,1,0
CUST10779,181,9,6,0.696,3.58,773.44,0.593,COD,Fashion,1,0,1
CUST10780,71,8,1,0.121,10.35,2066.5,0.099,COD,Footwear,0,1,0
CUST10781,100,15,2,0.123,7.85,1633.5,0.186,COD,Footwear,0,0,0
CUST10782,217,9,1,0.093,0.5,5548.41,0.092,Debit Card,Footwear,0,0,0
CUST10783,49,9,7,0.737,2.76,408.05,0.331,COD,Fashion,2,0,1
CUST10784,744,7,0,0.061,5.82,1135.02,0.266,UPI,Footwear,0,0,0
CUST10785,626,16,2,0.102,12.59,2181.56,0.267,COD,Books,2,1,0
CUST10786,156,3,0,0.07,7.79,2950.47,0.144,Credit Card,Footwear,0,1,0
CUST10787,468,6,1,0.088,8.48,1011.58,0.272,COD,Fashion,1,0,0
CUST10788,129,5,2,0.317,3.69,2120.98,0.426,COD,Mobiles,0,1,1
CUST10789,648,12,0,0.034,9.0,4815.2,0.334,COD,Home & Kitchen,0,0,0
CUST10790,21,11,1,0.069,8.94,264.96,0.155,Credit Card,Footwear,0,0,0
CUST10791,376,9,0,0.05,13.55,537.75,0.712,COD,Fashion,0,0,0
CUST10792,449,10,1,0.054,8.34,2726.96,0.272,COD,Home & Kitchen,0,1,0
CUST10793,1202,10,0,0.033,9.51,1895.56,0.191,UPI,Fashion,0,0,0
CUST10794,681,11,3,0.288,6.04,1076.32,0.102,Debit Card,Fashion,0,1,1
CUST10795,70,9,2,0.227,5.59,653.61,0.116,Credit Card,Footwear,0,0,0
CUST10796,202,8,1,0.139,10.14,1657.42,0.337,Debit Card,Footwear,1,0,0
CUST10797,27,8,2,0.2,8.09,2938.99,0.512,COD,Beauty,0,1,0
CUST10798,485,9,1,0.072,1.25,1998.49,0.238,COD,Mobiles,0,0,0
CUST10799,355,8,0,0.054,14.66,2337.43,0.163,Credit Card,Fashion,0,1,0
CUST10800,612,7,2,0.303,1.63,2674.47,0.104,Credit Card,Fashion,0,0,1
CUST10801,162,11,0,0.04,8.8,307.72,0.335,Credit Card,Electronics,0,1,0
CUST10802,45,8,0,0.008,12.33,3210.48,0.094,UPI,Beauty,1,1,0
CUST10803,307,7,2,0.311,3.54,801.91,0.095,UPI,Mobiles,0,1,1
CUST10804,376,8,2,0.192,1.76,4858.97,0.228,Credit Card,Fashion,0,1,0
CUST10805,419,7,1,0.211,6.07,1515.11,0.177,UPI,Mobiles,0,1,0
CUST10806,211,13,0,0.0,9.71,1764.54,0.302,COD,Fashion,0,0,0
CUST10807,87,4,1,0.224,6.54,1874.25,0.089,Debit Card,Footwear,0,0,0
CUST10808,175,5,3,0.667,3.27,2207.99,0.345,COD,Fashion,1,0,1
CUST10809,414,6,1,0.158,8.59,923.81,0.331,COD,Footwear,0,0,0
CUST10810,559,8,2,0.293,3.94,2845.92,0.102,COD,Fashion,0,1,1
CUST10811,524,10,6,0.64,2.72,2128.98,0.825,UPI,Fashion,0,1,1
CUST10812,100,9,1,0.128,8.57,3533.93,0.262,COD,Mobiles,0,1,0
CUST10813,33,7,1,0.126,12.92,652.8,0.388,COD,Fashion,0,0,0
CUST10814,694,10,1,0.065,8.35,1388.74,0.48,COD,Fashion,1,0,0
CUST10815,24,8,2,0.256,4.26,5066.31,0.315,COD,Beauty,0,0,1
CUST10816,168,9,1,0.117,7.07,1794.18,0.19,UPI,Footwear,0,0,0
CUST10817,263,7,4,0.578,7.19,3253.49,0.543,COD,Home & Kitchen,0,0,1
CUST10818,362,9,0,0.054,11.7,1015.89,0.222,Debit Card,Beauty,0,1,0
CUST10819,82,5,1,0.103,8.46,574.87,0.227,Debit Card,Footwear,0,0,0
CUST10820,186,6,1,0.111,9.78,1729.88,0.269,COD,Beauty,0,0,0
CUST10821,144,8,1,0.143,8.32,1026.89,0.084,COD,Electronics,1,1,0
CUST10822,178,10,4,0.422,3.62,2416.6,0.723,UPI,Mobiles,2,1,1
CUST10823,84,10,1,0.122,9.2,1807.12,0.403,COD,Electronics,1,1,0
CUST10824,468,5,2,0.363,2.96,2339.85,0.371,UPI,Home & Kitchen,1,0,1
CUST10825,375,6,1,0.197,3.87,3979.26,0.437,COD,Mobiles,0,0,0
CUST10826,461,9,3,0.354,9.67,2590.79,0.136,COD,Home & Kitchen,2,0,1
CUST10827,24,8,2,0.31,9.21,1556.13,0.199,UPI,Mobiles,0,0,1
CUST10828,146,10,0,0.033,4.84,598.21,0.291,Credit Card,Fashion,0,1,0
CUST10829,297,13,2,0.186,7.54,1108.29,0.168,Debit Card,Home & Kitchen,1,0,0
CUST10830,17,3,0,0.097,12.25,475.13,0.503,COD,Beauty,0,0,0
CUST10831,218,12,0,0.031,7.97,1172.1,0.116,COD,Fashion,0,1,0
CUST10832,269,9,1,0.166,7.78,1918.36,0.19,COD,Electronics,0,0,0
CUST10833,204,7,4,0.539,3.57,4446.7,0.684,COD,Footwear,0,1,1
CUST10834,517,9,2,0.203,4.66,1159.34,0.185,COD,Mobiles,1,0,0
CUST10835,18,7,1,0.103,13.29,1981.02,0.446,COD,Footwear,0,0,0
CUST10836,277,12,1,0.082,12.43,3430.84,0.293,Wallet,Mobiles,0,1,0
CUST10837,355,6,0,0.0,9.74,2793.46,0.269,Credit Card,Home & Kitchen,1,0,0
CUST10838,153,11,0,0.02,4.99,2315.34,0.12,COD,Footwear,1,0,0
CUST10839,90,11,2,0.143,4.2,2705.52,0.303,COD,Fashion,0,0,0
CUST10840,240,12,3,0.223,6.36,1357.33,0.413,UPI,Home & Kitchen,0,0,0
CUST10841,222,8,1,0.155,6.58,2789.14,0.361,Credit Card,Electronics,0,0,0
CUST10842,16,10,1,0.087,11.8,3227.27,0.104,Debit Card,Electronics,0,0,0
CUST10843,423,7,2,0.232,10.47,1312.42,0.42,Credit Card,Footwear,0,1,1
CUST10844,21,11,0,0.015,9.47,2053.37,0.203,Credit Card,Fashion,0,0,0
CUST10845,112,9,1,0.079,6.64,1755.92,0.333,UPI,Beauty,0,1,0
CUST10846,110,9,5,0.519,3.06,3829.44,0.519,Debit Card,Fashion,1,0,1
CUST10847,812,8,6,0.713,2.47,1531.67,0.508,COD,Fashion,1,0,1
CUST10848,215,13,2,0.157,11.8,2324.85,0.644,UPI,Mobiles,0,0,0
CUST10849,19,6,1,0.119,12.33,2386.05,0.253,Wallet,Fashion,0,0,0
CUST10850,1115,14,6,0.405,5.22,2422.76,0.289,COD,Mobiles,0,0,1
CUST10851,763,10,3,0.262,5.88,1203.69,0.132,UPI,Home & Kitchen,1,0,1
CUST10852,245,4,0,0.049,6.17,4119.98,0.295,COD,Footwear,1,0,0
CUST10853,94,5,0,0.032,4.66,1781.38,0.51,Wallet,Mobiles,1,1,0
CUST10854,946,6,4,0.727,2.41,1085.11,0.169,Debit Card,Electronics,0,1,1
CUST10855,47,3,0,0.0,11.24,651.65,0.405,UPI,Electronics,0,1,0
CUST10856,617,7,2,0.217,4.26,3979.12,0.505,Debit Card,Home & Kitchen,0,0,0
CUST10857,736,3,0,0.087,12.99,1363.66,0.051,UPI,Footwear,1,1,0
CUST10858,76,7,2,0.238,3.27,4411.82,0.356,Debit Card,Fashion,0,0,1
CUST10859,366,3,1,0.236,6.82,819.89,0.086,UPI,Beauty,0,0,1
CUST10860,1359,7,0,0.037,7.52,1396.54,0.376,Debit Card,Footwear,0,1,0
CUST10861,430,6,0,0.01,12.2,3129.74,0.288,UPI,Beauty,0,0,0
CUST10862,1248,10,1,0.15,5.66,2859.06,0.462,Credit Card,Fashion,0,0,0
CUST10863,897,5,0,0.0,4.14,2036.62,0.13,COD,Electronics,2,0,0
CUST10864,32,8,0,0.014,10.29,1053.65,0.172,UPI,Electronics,0,0,0
CUST10865,947,7,1,0.12,13.08,1752.49,0.242,COD,Mobiles,1,1,0
CUST10866,1368,8,1,0.105,9.1,1766.02,0.494,Credit Card,Beauty,0,0,0
CUST10867,21,11,2,0.16,4.37,1253.76,0.18,COD,Electronics,0,0,0
CUST10868,128,7,1,0.124,7.45,2802.26,0.491,Debit Card,Electronics,1,0,0
CUST10869,78,7,2,0.234,6.62,4763.07,0.371,UPI,Footwear,1,1,1
CUST10870,123,4,2,0.568,0.95,1108.0,0.586,COD,Home & Kitchen,2,1,1
CUST10871,138,7,1,0.176,4.24,10199.7,0.155,COD,Footwear,0,0,0
CUST10872,48,9,0,0.054,13.9,2106.18,0.406,COD,Electronics,0,0,0
CUST10873,384,12,5,0.423,1.27,1312.29,0.69,Credit Card,Fashion,1,0,1
CUST10874,280,5,3,0.521,2.02,966.34,0.762,UPI,Fashion,2,1,1
CUST10875,515,13,1,0.063,7.08,1331.77,0.147,Credit Card,Fashion,0,0,0
CUST10876,285,4,1,0.169,11.88,4893.72,0.091,COD,Beauty,0,0,0
CUST10877,65,13,1,0.078,12.76,1144.24,0.373,Credit Card,Fashion,0,0,0
CUST10878,35,12,1,0.101,4.72,2433.2,0.262,Debit Card,Fashion,1,0,0
CUST10879,7,6,1,0.233,7.03,1130.08,0.082,UPI,Fashion,0,1,1
CUST10880,23,5,1,0.177,9.3,2124.9,0.262,COD,Books,0,1,0
CUST10881,132,12,2,0.167,3.71,1299.1,0.159,Credit Card,Beauty,1,0,0
CUST10882,552,9,1,0.134,2.52,1209.62,0.053,COD,Electronics,0,1,0
CUST10883,459,10,0,0.05,7.68,4809.75,0.316,COD,Electronics,3,0,0
CUST10884,272,9,4,0.443,4.2,560.67,0.81,COD,Electronics,0,1,1
CUST10885,257,4,1,0.179,4.64,1526.55,0.569,COD,Electronics,0,0,0
CUST10886,1500,14,0,0.003,11.66,2338.1,0.423,Debit Card,Home & Kitchen,1,1,0
CUST10887,218,6,0,0.082,9.72,1159.76,0.468,UPI,Mobiles,0,1,0
CUST10888,23,6,0,0.024,4.61,2036.33,0.593,COD,Electronics,1,0,0
CUST10889,515,9,0,0.031,12.09,356.88,0.313,COD,Footwear,1,1,0
CUST10890,447,2,1,0.649,4.77,3015.78,0.676,Debit Card,Fashion,4,1,1
CUST10891,86,16,3,0.169,4.24,465.93,0.537,Debit Card,Electronics,0,0,0
CUST10892,85,7,0,0.06,4.87,5987.95,0.214,UPI,Beauty,0,0,0
CUST10893,255,9,1,0.151,9.42,2950.51,0.163,Debit Card,Footwear,0,1,0
CUST10894,173,5,1,0.205,2.08,1933.0,0.399,Credit Card,Electronics,0,0,0
CUST10895,385,8,2,0.283,3.85,382.15,0.143,Credit Card,Electronics,0,0,1
CUST10896,182,13,3,0.251,4.36,1495.58,0.246,UPI,Electronics,2,1,1
CUST10897,119,8,5,0.622,0.5,1753.08,0.685,COD,Fashion,0,1,1
CUST10898,760,10,3,0.263,10.14,5114.56,0.091,UPI,Fashion,0,0,1
CUST10899,235,6,0,0.002,8.51,1955.21,0.037,Credit Card,Electronics,0,1,0
CUST10900,358,6,0,0.007,11.61,1190.43,0.228,COD,Fashion,1,1,0
CUST10901,23,10,2,0.209,8.37,826.09,0.438,UPI,Fashion,1,1,0
CUST10902,375,7,1,0.168,6.81,906.81,0.345,UPI,Home & Kitchen,0,1,0
CUST10903,175,13,1,0.095,10.09,2173.58,0.327,UPI,Home & Kitchen,0,0,0
CUST10904,57,11,5,0.418,4.51,872.89,0.508,Debit Card,Fashion,2,1,1
CUST10905,262,7,1,0.146,2.55,443.85,0.072,Credit Card,Fashion,1,1,0
CUST10906,682,11,0,0.039,9.63,1872.34,0.309,UPI,Fashion,0,1,0
CUST10907,692,7,4,0.545,0.5,4055.73,0.548,COD,Home & Kitchen,0,0,1
CUST10908,89,9,5,0.586,3.29,5162.47,0.442,Debit Card,Beauty,1,1,1
CUST10909,222,2,1,0.656,1.76,795.84,0.806,Debit Card,Books,1,1,1
CUST10910,150,12,3,0.245,5.8,2018.74,0.452,UPI,Electronics,0,0,1
CUST10911,344,10,3,0.276,5.01,1233.21,0.593,COD,Mobiles,0,0,1
CUST10912,333,11,1,0.077,3.59,1610.22,0.554,UPI,Beauty,1,0,0
CUST10913,854,8,1,0.094,9.92,5303.09,0.094,UPI,Footwear,0,0,0
CUST10914,177,8,0,0.058,4.44,1344.38,0.499,COD,Beauty,0,0,0
CUST10915,273,9,3,0.322,2.13,1141.52,0.477,Wallet,Fashion,5,0,1
CUST10916,215,2,0,0.155,10.43,1365.44,0.074,COD,Fashion,0,0,0
CUST10917,312,10,1,0.074,5.94,532.23,0.244,COD,Home & Kitchen,0,1,0
CUST10918,400,4,2,0.379,4.24,1857.04,0.452,COD,Electronics,2,1,1
CUST10919,160,9,3,0.342,1.95,1620.59,0.584,COD,Mobiles,2,1,1
CUST10920,404,9,4,0.428,1.18,1485.47,0.812,UPI,Electronics,0,0,1
CUST10921,49,5,1,0.264,6.96,2893.21,0.279,UPI,Fashion,0,0,1
CUST10922,447,15,0,0.0,13.63,747.81,0.33,COD,Fashion,0,0,0
CUST10923,931,9,2,0.196,6.2,3963.05,0.208,COD,Footwear,0,0,0
CUST10924,34,9,3,0.304,6.91,2897.44,0.08,UPI,Fashion,0,0,1
CUST10925,36,11,0,0.023,4.16,3616.19,0.078,Credit Card,Fashion,0,0,0
CUST10926,39,11,3,0.308,8.83,1786.27,0.151,UPI,Fashion,0,0,1
CUST10927,433,4,0,0.109,9.65,1183.72,0.451,UPI,Electronics,0,0,0
CUST10928,1119,9,0,0.044,8.9,5609.18,0.236,UPI,Fashion,0,0,0
CUST10929,269,10,1,0.069,3.41,1033.74,0.127,UPI,Fashion,0,1,0
CUST10930,298,9,2,0.214,7.97,3027.36,0.3,Credit Card,Footwear,0,0,0
CUST10931,6,7,1,0.087,3.57,1264.14,0.243,Credit Card,Fashion,1,0,0
CUST10932,465,6,0,0.075,11.35,3140.33,0.229,COD,Footwear,1,0,0
CUST10933,667,11,2,0.155,7.06,2752.28,0.221,COD,Beauty,0,0,0
CUST10934,242,7,1,0.135,12.47,1909.35,0.351,Credit Card,Beauty,0,0,0
CUST10935,164,7,0,0.06,14.46,5309.99,0.22,UPI,Footwear,0,0,0
CUST10936,44,11,0,0.026,8.18,1099.15,0.209,Credit Card,Fashion,1,1,0
CUST10937,95,13,0,0.0,9.21,783.82,0.15,UPI,Beauty,1,0,0
CUST10938,448,11,1,0.125,9.58,1035.24,0.548,COD,Electronics,0,0,0
CUST10939,396,10,2,0.185,4.39,391.42,0.412,Debit Card,Electronics,0,0,0
CUST10940,79,5,2,0.399,5.98,570.49,0.122,Credit Card,Footwear,0,0,1
CUST10941,215,11,3,0.251,3.8,597.77,0.31,UPI,Home & Kitchen,0,0,1
CUST10942,484,6,0,0.049,9.53,2982.21,0.368,COD,Beauty,2,0,0
CUST10943,5,7,4,0.538,0.76,1220.43,0.619,Debit Card,Beauty,1,1,1
CUST10944,163,8,2,0.209,6.18,4629.22,0.206,Credit Card,Fashion,0,1,0
CUST10945,459,8,1,0.094,12.98,1802.08,0.185,Credit Card,Fashion,1,0,0
CUST10946,571,10,2,0.15,7.14,2452.27,0.168,Credit Card,Home & Kitchen,0,1,0
CUST10947,223,13,2,0.162,5.64,3915.79,0.207,COD,Mobiles,0,1,0
CUST10948,24,10,2,0.168,0.5,2379.32,0.58,UPI,Footwear,0,0,0
CUST10949,73,7,0,0.037,7.11,1302.54,0.233,COD,Fashion,0,0,0
CUST10950,404,15,2,0.159,2.97,3073.9,0.57,Credit Card,Beauty,0,0,0
CUST10951,696,8,2,0.232,5.75,1430.29,0.177,Wallet,Mobiles,0,0,1
CUST10952,1033,9,1,0.121,8.01,3272.68,0.61,Debit Card,Fashion,0,0,0
CUST10953,1167,11,1,0.119,8.97,1405.84,0.434,Debit Card,Fashion,0,0,0
CUST10954,133,10,2,0.205,3.91,2089.03,0.1,UPI,Electronics,0,0,0
CUST10955,346,12,1,0.073,5.61,1681.24,0.246,COD,Mobiles,0,0,0
CUST10956,271,7,2,0.246,6.2,2126.41,0.067,Credit Card,Footwear,0,1,1
CUST10957,219,9,1,0.078,7.07,1853.84,0.2,Credit Card,Footwear,0,1,0
CUST10958,73,9,1,0.082,8.98,2011.51,0.129,Debit Card,Fashion,0,1,0
CUST10959,123,7,2,0.279,7.59,3600.76,0.309,COD,Fashion,2,1,1
CUST10960,65,5,0,0.044,6.7,970.42,0.151,COD,Electronics,0,0,0
CUST10961,340,10,1,0.124,5.58,638.28,0.376,COD,Electronics,1,0,0
CUST10962,151,7,1,0.111,13.29,613.07,0.074,UPI,Fashion,1,0,0
CUST10963,433,5,1,0.165,8.77,708.17,0.418,UPI,Electronics,0,0,0
CUST10964,505,10,0,0.026,10.45,1059.58,0.438,UPI,Footwear,0,1,0
CUST10965,257,11,2,0.187,8.9,1249.81,0.067,Debit Card,Beauty,0,1,0
CUST10966,357,4,1,0.212,11.01,656.74,0.281,UPI,Fashion,0,1,0
CUST10967,225,5,0,0.095,8.9,1638.18,0.091,Wallet,Electronics,0,0,0
CUST10968,432,13,2,0.189,2.18,2199.07,0.214,Wallet,Home & Kitchen,0,0,0
CUST10969,101,9,1,0.068,11.08,525.94,0.167,Wallet,Fashion,1,0,0
CUST10970,83,10,1,0.129,9.63,1114.56,0.222,UPI,Beauty,0,0,0
CUST10971,928,6,0,0.02,7.17,2010.01,0.356,Wallet,Home & Kitchen,0,0,0
CUST10972,70,6,0,0.083,10.94,1946.67,0.157,COD,Footwear,0,0,0
CUST10973,863,6,1,0.143,11.61,917.94,0.289,COD,Footwear,0,1,0
CUST10974,71,11,4,0.329,4.26,2017.03,0.57,Wallet,Fashion,0,0,1
CUST10975,250,9,1,0.121,7.34,2157.19,0.393,Debit Card,Mobiles,0,0,0
CUST10976,57,4,1,0.168,4.74,4056.91,0.338,UPI,Footwear,1,0,0
CUST10977,224,11,1,0.061,11.54,2373.85,0.455,Wallet,Electronics,0,0,0
CUST10978,21,9,1,0.132,9.44,848.69,0.536,UPI,Footwear,1,1,0
CUST10979,206,5,0,0.098,7.71,1238.13,0.323,Credit Card,Electronics,0,0,0
CUST10980,230,13,2,0.159,1.38,2835.49,0.429,UPI,Fashion,0,0,0
CUST10981,175,6,1,0.245,5.64,1081.21,0.625,UPI,Fashion,0,0,1
CUST10982,114,8,1,0.073,8.69,4507.46,0.702,Credit Card,Electronics,0,0,0
CUST10983,34,8,1,0.183,4.05,737.35,0.254,COD,Electronics,0,0,0
CUST10984,475,10,2,0.191,5.0,2457.3,0.056,Debit Card,Fashion,0,1,0
CUST10985,12,9,2,0.262,7.33,1305.3,0.483,UPI,Books,2,0,1
CUST10986,37,2,0,0.116,7.31,500.14,0.175,COD,Home & Kitchen,0,1,0
CUST10987,98,12,2,0.149,7.46,1426.01,0.176,COD,Fashion,0,0,0
CUST10988,492,6,0,0.057,9.16,587.92,0.412,Credit Card,Electronics,0,0,0
CUST10989,30,13,2,0.152,11.86,1336.09,0.373,Debit Card,Fashion,0,0,0
CUST10990,67,11,3,0.239,8.61,4014.28,0.196,Wallet,Footwear,2,1,1
CUST10991,773,7,1,0.077,7.8,461.09,0.416,COD,Beauty,0,1,0
CUST10992,159,3,0,0.112,8.38,1125.81,0.269,UPI,Electronics,0,1,0
CUST10993,72,7,2,0.321,5.26,2683.29,0.162,COD,Footwear,0,0,1
CUST10994,249,11,1,0.132,9.15,1604.86,0.342,COD,Home & Kitchen,0,0,0
CUST10995,269,4,1,0.222,7.64,1457.8,0.329,COD,Electronics,1,0,0
CUST10996,113,6,0,0.0,12.53,2369.04,0.417,COD,Beauty,0,0,0
CUST10997,1391,8,0,0.055,6.12,4026.39,0.298,COD,Electronics,0,0,0
CUST10998,450,11,2,0.173,5.19,927.0,0.365,Wallet,Mobiles,1,0,0
CUST10999,398,8,1,0.095,9.57,3882.12,0.055,UPI,Fashion,0,1,0
CUST11000,965,4,1,0.223,3.46,2360.15,0.318,Debit Card,Beauty,0,1,0
CUST11001,313,8,0,0.062,8.56,2015.36,0.33,COD,Beauty,0,1,0
CUST11002,111,3,1,0.197,10.28,2284.96,0.679,Credit Card,Electronics,1,0,0
CUST11003,91,16,2,0.11,3.75,3670.91,0.055,Credit Card,Fashion,0,0,0
CUST11004,329,5,0,0.097,10.4,979.43,0.246,COD,Mobiles,0,0,0
CUST11005,135,2,0,0.089,17.36,3165.61,0.438,Debit Card,Fashion,0,0,0
CUST11006,412,9,1,0.086,8.91,1913.23,0.154,UPI,Fashion,0,0,0
CUST11007,1041,9,1,0.067,10.95,2953.48,0.452,COD,Fashion,0,0,0
CUST11008,209,8,1,0.082,3.11,474.95,0.397,UPI,Footwear,1,0,0
CUST11009,43,7,2,0.334,1.44,828.3,0.857,UPI,Fashion,1,1,1
CUST11010,152,6,1,0.229,13.19,7362.61,0.472,UPI,Electronics,2,0,0
CUST11011,747,7,1,0.082,10.25,1845.62,0.255,Credit Card,Beauty,0,0,0
CUST11012,269,9,1,0.095,3.69,3109.07,0.663,Debit Card,Footwear,1,0,0
CUST11013,10,3,0,0.094,10.69,5756.44,0.244,COD,Fashion,0,1,0
CUST11014,99,9,2,0.251,2.41,623.05,0.333,UPI,Home & Kitchen,0,0,1
CUST11015,252,9,4,0.49,2.31,2350.81,0.661,Debit Card,Fashion,1,0,1
CUST11016,215,11,10,0.889,4.49,2685.45,0.743,UPI,Fashion,2,0,1
CUST11017,68,5,1,0.224,7.61,1928.45,0.413,Credit Card,Fashion,0,1,0
CUST11018,396,5,1,0.168,11.67,2092.91,0.152,Credit Card,Footwear,0,0,0
CUST11019,229,10,1,0.108,10.71,1078.18,0.219,Debit Card,Beauty,0,0,0
CUST11020,92,9,2,0.248,6.17,4249.3,0.309,Credit Card,Mobiles,0,0,1
CUST11021,298,6,1,0.121,11.18,217.26,0.456,Debit Card,Fashion,1,1,0
CUST11022,20,6,1,0.201,5.47,501.63,0.463,Credit Card,Footwear,0,0,0
CUST11023,246,3,1,0.187,12.03,2769.66,0.201,Debit Card,Fashion,0,1,0
CUST11024,75,10,2,0.199,6.58,2340.53,0.336,Credit Card,Fashion,0,0,0
CUST11025,197,4,0,0.051,0.5,1009.19,0.246,UPI,Electronics,1,0,0
CUST11026,344,8,0,0.0,10.82,1527.99,0.058,Wallet,Fashion,0,1,0
CUST11027,264,9,3,0.284,2.27,1071.47,0.649,UPI,Fashion,0,0,1
CUST11028,986,10,2,0.174,6.32,1637.6,0.327,UPI,Home & Kitchen,3,0,0
CUST11029,820,2,0,0.103,4.92,4562.73,0.158,Debit Card,Home & Kitchen,0,0,0
CUST11030,144,8,1,0.155,7.13,1181.49,0.347,UPI,Fashion,0,1,0
CUST11031,467,8,1,0.068,8.51,2077.61,0.564,Debit Card,Home & Kitchen,0,1,0
CUST11032,172,9,3,0.315,8.72,913.38,0.064,COD,Fashion,1,0,1
CUST11033,490,6,1,0.245,3.76,2371.96,0.048,Debit Card,Home & Kitchen,0,0,1
CUST11034,356,8,1,0.119,9.52,1478.13,0.546,COD,Electronics,0,0,0
CUST11035,214,8,1,0.07,8.69,2173.73,0.177,Credit Card,Mobiles,1,0,0
CUST11036,649,5,1,0.163,2.34,2623.61,0.427,COD,Home & Kitchen,0,0,0
CUST11037,197,8,1,0.071,13.34,2653.47,0.689,Wallet,Footwear,1,0,0
CUST11038,31,11,1,0.098,8.0,2198.12,0.136,COD,Footwear,0,1,0
CUST11039,368,5,2,0.338,5.84,1152.57,0.368,COD,Fashion,0,0,1
CUST11040,324,7,1,0.1,10.06,5053.77,0.299,Credit Card,Electronics,0,0,0
CUST11041,53,5,0,0.072,9.61,394.46,0.196,Debit Card,Fashion,0,0,0
CUST11042,44,9,2,0.171,5.43,1091.53,0.133,COD,Mobiles,0,1,0
CUST11043,63,9,2,0.167,5.35,1496.78,0.401,UPI,Fashion,1,0,0
CUST11044,144,4,1,0.241,5.07,704.47,0.357,Debit Card,Electronics,0,1,1
CUST11045,116,12,1,0.121,3.78,1381.99,0.392,Credit Card,Beauty,0,0,0
CUST11046,238,8,1,0.159,8.05,4312.24,0.455,COD,Home & Kitchen,1,0,0
CUST11047,1081,11,1,0.049,7.64,2374.05,0.195,UPI,Footwear,0,1,0
CUST11048,133,9,0,0.001,9.67,1689.58,0.487,Credit Card,Mobiles,0,0,0
CUST11049,121,4,1,0.22,9.82,2497.82,0.094,Wallet,Home & Kitchen,0,1,0
CUST11050,85,7,1,0.125,9.87,809.25,0.068,COD,Electronics,0,1,0
CUST11051,572,9,0,0.039,5.25,3505.66,0.29,COD,Mobiles,0,1,0
CUST11052,147,13,9,0.694,0.98,939.01,0.756,Credit Card,Books,3,0,1
CUST11053,207,5,1,0.137,8.08,1947.58,0.079,COD,Beauty,0,0,0
CUST11054,33,8,1,0.081,12.93,1563.56,0.283,COD,Fashion,0,0,0
CUST11055,305,6,0,0.039,6.86,1504.38,0.087,UPI,Mobiles,2,0,0
CUST11056,659,7,1,0.177,5.58,2579.32,0.163,UPI,Fashion,0,1,0
CUST11057,228,12,1,0.117,4.41,2922.57,0.375,COD,Electronics,0,0,0
CUST11058,318,5,0,0.087,12.74,2391.0,0.494,Credit Card,Beauty,0,1,0
CUST11059,22,7,1,0.102,9.11,576.59,0.155,Wallet,Home & Kitchen,0,0,0
CUST11060,356,7,0,0.045,10.77,839.41,0.281,UPI,Beauty,0,1,0
CUST11061,22,12,3,0.209,6.59,1831.28,0.093,UPI,Fashion,0,1,0
CUST11062,182,5,1,0.186,12.0,2766.61,0.356,UPI,Beauty,0,0,0
CUST11063,515,7,2,0.28,2.23,1493.74,0.13,Debit Card,Fashion,0,1,1
CUST11064,81,10,2,0.199,3.98,1369.6,0.579,COD,Mobiles,0,0,0
CUST11065,169,12,1,0.062,15.09,3387.07,0.174,Debit Card,Books,0,1,0
CUST11066,1500,9,0,0.018,4.96,2385.76,0.011,Credit Card,Footwear,1,0,0
CUST11067,586,9,1,0.058,8.96,2400.68,0.295,Credit Card,Home & Kitchen,1,0,0
CUST11068,531,7,0,0.064,13.58,1254.94,0.461,COD,Fashion,0,0,0
CUST11069,1004,10,1,0.076,0.5,4072.26,0.017,Debit Card,Fashion,1,0,0
CUST11070,38,7,2,0.344,0.6,909.78,0.369,COD,Fashion,1,1,1
CUST11071,226,10,3,0.349,1.85,2809.29,0.687,COD,Books,1,0,1
CUST11072,56,15,0,0.026,4.32,2634.56,0.342,Credit Card,Fashion,0,1,0
CUST11073,352,9,0,0.048,5.59,1503.96,0.366,Debit Card,Books,1,0,0
CUST11074,324,6,1,0.101,8.88,1125.2,0.161,UPI,Fashion,0,1,0
CUST11075,401,10,0,0.027,13.42,2243.1,0.395,UPI,Home & Kitchen,1,0,0
CUST11076,213,8,1,0.115,10.21,1392.86,0.214,Debit Card,Footwear,1,1,0
CUST11077,70,5,3,0.634,1.99,2432.02,0.544,COD,Beauty,1,1,1
CUST11078,254,7,1,0.148,5.51,927.52,0.258,COD,Fashion,0,0,0
CUST11079,858,5,1,0.195,4.69,2215.38,0.355,UPI,Beauty,0,1,0
CUST11080,410,11,2,0.182,9.14,1599.41,0.116,COD,Beauty,0,1,0
CUST11081,1471,6,0,0.0,7.88,2189.2,0.303,Credit Card,Beauty,0,1,0
CUST11082,223,9,0,0.043,9.24,3899.51,0.242,Credit Card,Home & Kitchen,1,0,0
CUST11083,1071,7,2,0.247,5.91,1179.45,0.352,Credit Card,Beauty,1,0,1
CUST11084,256,8,0,0.044,10.42,1956.29,0.442,Credit Card,Electronics,0,0,0
CUST11085,385,5,1,0.129,12.98,1927.44,0.219,COD,Footwear,2,1,0
CUST11086,952,6,0,0.075,7.16,2015.6,0.09,COD,Footwear,0,0,0
CUST11087,43,12,1,0.058,8.38,323.25,0.291,Debit Card,Electronics,0,1,0
CUST11088,274,1,0,0.125,7.38,3024.8,0.414,Debit Card,Footwear,0,0,0
CUST11089,314,6,1,0.126,7.86,2893.8,0.616,COD,Fashion,0,1,0
CUST11090,134,7,1,0.122,9.62,1961.78,0.217,COD,Footwear,1,0,0
CUST11091,100,6,1,0.224,5.04,3259.55,0.422,COD,Footwear,0,0,0
CUST11092,297,3,1,0.236,2.47,2115.2,0.168,COD,Books,0,0,1
CUST11093,161,9,3,0.303,8.59,1627.93,0.315,COD,Footwear,0,0,1
CUST11094,381,9,1,0.078,8.21,2476.85,0.284,COD,Home & Kitchen,0,1,0
CUST11095,150,8,6,0.789,0.95,1701.09,0.598,Debit Card,Footwear,1,0,1
CUST11096,451,6,0,0.045,5.79,169.76,0.566,COD,Electronics,0,0,0
CUST11097,390,8,1,0.101,9.27,1331.46,0.287,COD,Mobiles,1,1,0
CUST11098,420,6,0,0.044,10.16,1434.42,0.13,Debit Card,Mobiles,2,1,0
CUST11099,160,13,4,0.315,6.73,924.45,0.194,Debit Card,Fashion,0,0,1
CUST11100,236,9,3,0.381,8.54,1872.2,0.321,COD,Footwear,2,0,1
CUST11101,237,11,0,0.0,9.95,1619.72,0.335,Debit Card,Electronics,1,0,0
CUST11102,365,4,1,0.209,9.91,2572.07,0.298,UPI,Beauty,0,0,0
CUST11103,1015,5,0,0.059,8.83,1307.49,0.154,COD,Mobiles,0,1,0
CUST11104,47,7,0,0.0,3.69,3213.23,0.37,COD,Beauty,1,0,0
CUST11105,77,4,0,0.118,8.5,3622.01,0.144,Debit Card,Footwear,1,0,0
CUST11106,365,15,1,0.092,5.23,3371.35,0.112,Debit Card,Fashion,0,1,0
CUST11107,56,8,1,0.094,13.17,1667.15,0.132,COD,Home & Kitchen,0,0,0
CUST11108,374,5,2,0.319,3.42,1364.26,0.17,UPI,Fashion,0,0,1
CUST11109,160,3,1,0.308,4.98,1892.1,0.317,COD,Electronics,1,1,1
CUST11110,115,7,1,0.122,8.99,444.34,0.382,Credit Card,Footwear,0,1,0
CUST11111,225,7,2,0.227,9.19,2595.14,0.584,COD,Electronics,1,0,0
CUST11112,618,8,1,0.064,6.89,2368.86,0.162,UPI,Electronics,0,0,0
CUST11113,381,9,1,0.14,7.02,4463.13,0.316,COD,Beauty,1,0,0
CUST11114,487,9,5,0.581,0.5,1845.98,0.673,COD,Electronics,0,1,1
CUST11115,35,10,0,0.019,10.54,1875.79,0.195,UPI,Footwear,0,0,0
CUST11116,14,8,2,0.243,4.74,3413.65,0.513,COD,Home & Kitchen,0,0,1
CUST11117,632,5,3,0.603,0.5,1112.25,0.521,UPI,Mobiles,1,0,1
CUST11118,308,7,1,0.108,10.61,2058.15,0.478,UPI,Footwear,0,1,0
CUST11119,112,4,1,0.172,6.52,2476.68,0.081,Wallet,Electronics,0,1,0
CUST11120,19,8,0,0.058,8.91,1066.53,0.152,COD,Fashion,0,0,0
CUST11121,824,7,0,0.05,7.22,3095.62,0.377,Credit Card,Fashion,0,0,0
CUST11122,794,5,1,0.125,6.86,3640.49,0.184,COD,Beauty,0,1,0
CUST11123,517,6,1,0.142,6.93,3227.35,0.051,Credit Card,Fashion,1,0,0
CUST11124,16,3,0,0.138,7.16,1155.73,0.605,UPI,Home & Kitchen,1,0,0
CUST11125,74,8,1,0.076,8.91,1694.08,0.608,Debit Card,Electronics,0,0,0
CUST11126,24,9,2,0.168,9.24,1390.99,0.419,UPI,Home & Kitchen,0,1,0
CUST11127,71,9,0,0.0,6.26,844.7,0.109,UPI,Electronics,0,0,0
CUST11128,22,10,1,0.072,8.37,1372.22,0.599,UPI,Electronics,0,0,0
CUST11129,357,7,4,0.579,2.5,2641.46,0.697,Credit Card,Fashion,0,1,1
CUST11130,204,11,3,0.261,3.65,768.12,0.21,UPI,Fashion,0,0,1
CUST11131,38,9,1,0.106,3.42,3571.61,0.037,UPI,Fashion,0,0,0
CUST11132,574,8,1,0.161,7.7,2844.39,0.109,UPI,Electronics,0,1,0
CUST11133,398,6,2,0.274,1.75,1178.69,0.074,Credit Card,Fashion,0,0,1
CUST11134,323,14,1,0.078,15.78,4168.53,0.486,COD,Electronics,1,1,0
CUST11135,104,6,1,0.109,8.62,817.62,0.154,COD,Home & Kitchen,1,0,0
CUST11136,181,12,3,0.237,9.96,598.57,0.371,Credit Card,Footwear,0,0,1
CUST11137,105,7,1,0.139,10.12,2078.63,0.338,COD,Fashion,0,0,0
CUST11138,397,8,5,0.588,2.96,629.9,0.331,UPI,Footwear,1,0,1
CUST11139,593,6,0,0.0,11.12,1219.1,0.482,UPI,Electronics,0,1,0
CUST11140,254,11,2,0.18,6.07,760.16,0.478,COD,Beauty,0,0,0
CUST11141,20,5,2,0.491,2.29,377.86,0.673,Credit Card,Footwear,0,0,1
CUST11142,543,6,4,0.668,3.32,2337.48,0.704,COD,Electronics,2,1,1
CUST11143,35,10,0,0.046,11.46,1134.98,0.388,COD,Home & Kitchen,0,0,0
CUST11144,278,7,1,0.079,9.61,526.51,0.509,COD,Footwear,0,1,0
CUST11145,28,8,3,0.392,2.04,1032.92,0.671,COD,Mobiles,0,1,1
CUST11146,134,9,2,0.207,3.46,1775.17,0.09,COD,Books,0,0,0
CUST11147,524,9,1,0.126,10.54,699.61,0.187,UPI,Fashion,0,0,0
CUST11148,147,9,5,0.539,2.84,1912.98,0.516,Credit Card,Fashion,0,1,1
CUST11149,216,7,1,0.102,8.24,1934.52,0.385,COD,Fashion,1,0,0
CUST11150,930,4,0,0.105,3.64,1320.4,0.262,Wallet,Mobiles,0,1,0
CUST11151,1424,8,0,0.055,8.25,1871.92,0.154,COD,Electronics,0,0,0
CUST11152,745,7,0,0.035,6.61,1244.51,0.416,Credit Card,Beauty,1,0,0
CUST11153,152,8,1,0.142,10.19,2339.15,0.297,Credit Card,Footwear,0,0,0
CUST11154,269,4,1,0.189,3.84,368.59,0.217,UPI,Fashion,0,1,0
CUST11155,364,7,3,0.48,1.25,1224.25,0.89,COD,Beauty,0,0,1
CUST11156,410,6,5,0.881,1.7,1405.7,0.386,Credit Card,Fashion,0,0,1
CUST11157,212,8,0,0.0,9.95,956.16,0.428,Debit Card,Home & Kitchen,0,0,0
CUST11158,100,10,0,0.045,3.28,3298.22,0.62,UPI,Fashion,0,0,0
CUST11159,1206,9,1,0.1,12.53,1283.28,0.222,Debit Card,Home & Kitchen,0,0,0
CUST11160,551,10,1,0.144,11.78,1299.28,0.477,Credit Card,Footwear,0,1,0
CUST11161,85,8,2,0.241,4.05,2530.44,0.573,COD,Footwear,1,1,1
CUST11162,30,12,2,0.129,7.47,1202.28,0.369,UPI,Home & Kitchen,0,0,0
CUST11163,1043,7,1,0.088,5.13,528.99,0.053,Credit Card,Fashion,0,0,0
CUST11164,45,8,1,0.123,2.75,1953.96,0.298,UPI,Electronics,0,0,0
CUST11165,371,4,0,0.074,13.16,4880.4,0.187,COD,Fashion,0,0,0
CUST11166,336,8,2,0.277,3.19,1349.89,0.291,Credit Card,Home & Kitchen,0,1,1
CUST11167,78,7,3,0.364,1.86,1191.23,0.728,UPI,Footwear,3,0,1
CUST11168,80,12,0,0.0,5.97,2708.04,0.296,Wallet,Footwear,0,0,0
CUST11169,528,10,2,0.232,7.94,1875.97,0.458,Credit Card,Beauty,0,0,1
CUST11170,502,7,2,0.343,1.52,2926.08,0.911,Debit Card,Electronics,1,0,1
CUST11171,31,13,1,0.042,7.41,4911.37,0.584,UPI,Fashion,1,1,0
CUST11172,70,10,0,0.0,6.56,2029.46,0.129,Credit Card,Footwear,0,0,0
CUST11173,100,10,8,0.827,0.64,1006.25,0.72,Credit Card,Beauty,1,0,1
CUST11174,686,8,0,0.029,11.91,3283.63,0.181,Wallet,Electronics,1,1,0
CUST11175,305,3,1,0.285,6.52,987.22,0.206,Credit Card,Fashion,0,0,1
CUST11176,985,6,4,0.633,0.93,1168.47,0.321,COD,Books,1,1,1
CUST11177,307,7,1,0.148,8.38,2224.86,0.485,Debit Card,Home & Kitchen,0,0,0
CUST11178,71,9,2,0.275,8.56,699.69,0.154,COD,Footwear,0,0,1
CUST11179,178,10,2,0.153,5.21,4511.96,0.136,COD,Fashion,1,0,0
CUST11180,192,10,2,0.231,6.51,3332.83,0.585,COD,Electronics,0,0,1
CUST11181,53,4,1,0.268,5.6,882.19,0.138,COD,Electronics,0,1,1
CUST11182,329,12,2,0.127,10.19,1515.14,0.369,Debit Card,Fashion,0,0,0
CUST11183,467,8,0,0.018,10.24,728.96,0.145,COD,Beauty,0,0,0
CUST11184,489,8,1,0.063,9.35,761.04,0.314,Wallet,Electronics,0,0,0
CUST11185,342,4,0,0.0,5.83,4465.59,0.306,Wallet,Beauty,0,0,0
CUST11186,156,6,1,0.186,2.15,3154.45,0.049,COD,Mobiles,1,1,0
CUST11187,80,5,0,0.048,11.83,4136.84,0.255,UPI,Fashion,0,0,0
CUST11188,292,4,1,0.201,4.77,3382.76,0.157,Wallet,Fashion,0,0,0
CUST11189,7,7,1,0.129,10.13,1785.65,0.041,Credit Card,Home & Kitchen,0,0,0
CUST11190,323,10,0,0.013,12.0,773.4,0.301,COD,Mobiles,0,0,0
CUST11191,45,7,2,0.271,6.29,3687.24,0.397,UPI,Mobiles,0,0,1
CUST11192,17,11,1,0.052,9.95,4810.2,0.239,COD,Home & Kitchen,0,0,0
CUST11193,163,10,1,0.051,8.38,2252.02,0.377,COD,Home & Kitchen,0,1,0
CUST11194,20,3,1,0.359,1.25,2134.41,0.707,Debit Card,Footwear,0,1,1
CUST11195,841,2,0,0.144,3.79,3083.6,0.64,COD,Home & Kitchen,0,0,0
CUST11196,128,4,1,0.333,9.36,1706.61,0.098,COD,Home & Kitchen,0,0,1
CUST11197,23,11,1,0.102,7.58,1660.57,0.128,Wallet,Beauty,1,1,0
CUST11198,929,15,1,0.043,2.67,785.04,0.506,UPI,Home & Kitchen,0,0,0
CUST11199,682,7,2,0.324,5.54,2796.85,0.556,Wallet,Mobiles,0,0,1
CUST11200,140,9,1,0.124,9.72,1729.25,0.128,COD,Electronics,0,1,0
CUST11201,31,8,0,0.052,5.51,1447.67,0.41,Debit Card,Footwear,0,0,0
CUST11202,99,8,1,0.163,7.07,2988.45,0.241,Credit Card,Books,0,0,0
CUST11203,106,7,1,0.114,8.96,4358.05,0.137,UPI,Electronics,0,0,0
CUST11204,368,13,1,0.08,12.68,1763.27,0.258,Debit Card,Fashion,1,0,0
CUST11205,385,14,12,0.869,2.36,1083.2,0.566,COD,Home & Kitchen,0,1,1
CUST11206,498,3,3,0.921,0.68,618.21,0.532,Debit Card,Home & Kitchen,3,1,1
CUST11207,697,5,4,0.761,2.75,992.32,0.235,UPI,Beauty,2,0,1
CUST11208,39,8,1,0.181,4.35,1745.98,0.385,UPI,Electronics,1,1,0
CUST11209,484,7,1,0.09,9.61,1365.94,0.138,COD,Electronics,0,0,0
CUST11210,631,4,1,0.144,11.88,758.12,0.344,Credit Card,Fashion,0,0,0
CUST11211,604,8,0,0.042,4.91,855.17,0.242,UPI,Electronics,0,0,0
CUST11212,82,6,1,0.181,5.59,752.72,0.319,Credit Card,Fashion,0,1,0
CUST11213,161,9,2,0.237,5.25,941.72,0.067,COD,Footwear,0,0,1
CUST11214,134,7,2,0.298,6.5,772.46,0.034,UPI,Fashion,0,1,1
CUST11215,177,9,1,0.094,12.57,2110.01,0.316,COD,Electronics,1,0,0
CUST11216,11,5,1,0.279,4.76,1906.93,0.354,Wallet,Electronics,0,0,1
CUST11217,347,9,1,0.068,3.93,1157.85,0.338,Debit Card,Home & Kitchen,1,0,0
CUST11218,366,10,1,0.067,5.2,3158.83,0.106,Credit Card,Fashion,1,0,0
CUST11219,304,7,0,0.038,8.79,264.65,0.243,UPI,Electronics,1,1,0
CUST11220,13,8,1,0.171,8.05,560.38,0.474,Debit Card,Fashion,0,0,0
CUST11221,494,11,3,0.249,8.12,833.35,0.246,Credit Card,Home & Kitchen,0,0,1
CUST11222,67,6,1,0.119,5.02,683.92,0.285,COD,Fashion,0,1,0
CUST11223,115,13,1,0.061,6.96,2692.39,0.192,COD,Home & Kitchen,0,0,0
CUST11224,920,12,2,0.153,12.22,5389.22,0.047,UPI,Beauty,0,0,0
CUST11225,304,15,3,0.176,8.11,4008.3,0.064,Debit Card,Footwear,0,0,0
CUST11226,122,9,1,0.154,8.19,1336.48,0.176,Credit Card,Fashion,0,0,0
CUST11227,601,10,1,0.123,7.92,440.94,0.286,COD,Footwear,0,0,0
CUST11228,14,10,1,0.122,8.87,2000.84,0.295,COD,Electronics,1,0,0
CUST11229,1500,6,0,0.037,5.76,2830.31,0.219,Wallet,Fashion,0,0,0
CUST11230,123,7,0,0.067,9.43,3129.96,0.045,Credit Card,Beauty,0,0,0
CUST11231,457,8,0,0.061,5.79,1609.92,0.212,UPI,Home & Kitchen,0,1,0
CUST11232,77,7,1,0.098,10.77,1196.1,0.247,Debit Card,Beauty,1,0,0
CUST11233,305,6,1,0.106,4.82,410.55,0.321,UPI,Footwear,1,0,0
CUST11234,291,8,0,0.034,11.03,1049.51,0.579,COD,Fashion,1,0,0
CUST11235,28,12,2,0.168,9.05,949.03,0.366,COD,Fashion,0,1,0
CUST11236,1042,10,1,0.121,7.9,4301.36,0.108,Credit Card,Electronics,2,1,0
CUST11237,453,6,0,0.081,7.05,2506.73,0.017,Credit Card,Electronics,0,0,0
CUST11238,288,6,0,0.063,15.21,974.32,0.242,UPI,Electronics,0,1,0
CUST11239,34,9,0,0.035,8.45,3856.42,0.135,UPI,Footwear,0,0,0
CUST11240,463,4,3,0.635,2.16,2819.78,0.62,COD,Fashion,2,1,1
CUST11241,531,6,2,0.258,8.43,796.91,0.187,Debit Card,Beauty,0,0,1
CUST11242,68,9,2,0.176,3.85,2117.71,0.392,COD,Fashion,1,0,0
CUST11243,286,5,0,0.0,13.1,785.1,0.086,UPI,Fashion,2,1,0
CUST11244,49,5,0,0.032,10.8,107.64,0.589,UPI,Beauty,0,1,0
CUST11245,127,7,1,0.159,4.25,2572.14,0.517,Credit Card,Footwear,0,0,0
CUST11246,908,9,0,0.052,8.95,4748.88,0.358,Debit Card,Fashion,1,0,0
CUST11247,299,5,1,0.203,5.45,2977.85,0.356,COD,Footwear,0,1,0
CUST11248,838,7,1,0.078,5.59,1897.27,0.171,COD,Fashion,0,0,0
CUST11249,61,9,3,0.347,5.14,1597.04,0.068,UPI,Fashion,0,1,1
CUST11250,55,9,1,0.158,9.04,2640.28,0.248,UPI,Electronics,1,0,0
CUST11251,162,7,0,0.063,1.38,5377.17,0.03,COD,Fashion,0,0,0
CUST11252,346,8,1,0.087,10.2,1459.16,0.346,COD,Home & Kitchen,2,0,0
CUST11253,320,7,1,0.19,8.81,2935.94,0.232,UPI,Fashion,0,0,0
CUST11254,455,11,5,0.421,4.39,1346.56,0.841,COD,Home & Kitchen,0,1,1
CUST11255,106,8,1,0.08,7.36,3451.27,0.055,Debit Card,Footwear,1,0,0
CUST11256,22,5,1,0.174,5.11,421.9,0.347,COD,Beauty,0,1,0
CUST11257,84,4,0,0.119,11.03,2357.86,0.004,Debit Card,Fashion,1,1,0
CUST11258,32,4,0,0.095,10.29,1344.67,0.644,UPI,Fashion,1,1,0
CUST11259,117,13,6,0.427,9.33,1179.58,0.077,Debit Card,Electronics,1,0,1
CUST11260,873,8,0,0.022,9.55,577.48,0.13,COD,Home & Kitchen,0,1,0
CUST11261,1029,8,6,0.764,0.5,1482.15,0.471,Wallet,Home & Kitchen,2,1,1
CUST11262,273,11,3,0.289,5.73,1785.17,0.18,Wallet,Beauty,1,1,1
CUST11263,241,6,4,0.596,1.29,1711.8,0.508,COD,Beauty,1,1,1
CUST11264,330,8,1,0.075,4.51,907.75,0.24,UPI,Books,0,0,0
CUST11265,148,9,0,0.053,12.49,2047.31,0.114,COD,Beauty,0,0,0
CUST11266,150,7,1,0.189,3.66,2308.68,0.343,COD,Fashion,0,0,0
CUST11267,34,5,1,0.244,3.95,2448.83,0.25,Credit Card,Home & Kitchen,0,1,1
CUST11268,61,8,0,0.06,8.26,321.56,0.257,Wallet,Electronics,1,0,0
CUST11269,371,9,1,0.057,4.34,717.59,0.228,Credit Card,Electronics,0,0,0
CUST11270,208,9,1,0.067,5.66,1942.12,0.227,UPI,Footwear,0,0,0
CUST11271,468,7,1,0.164,4.54,811.14,0.154,Wallet,Footwear,0,0,0
CUST11272,648,12,2,0.139,9.16,1748.86,0.117,UPI,Footwear,0,0,0
CUST11273,1259,12,5,0.399,1.83,1728.22,0.715,Debit Card,Books,0,1,1
CUST11274,85,7,1,0.093,14.85,1728.43,0.388,COD,Home & Kitchen,0,0,0
CUST11275,210,3,0,0.072,9.69,762.79,0.071,UPI,Home & Kitchen,0,0,0
CUST11276,869,8,1,0.083,11.79,2021.15,0.722,Debit Card,Home & Kitchen,1,0,0
CUST11277,352,12,1,0.071,9.62,6234.45,0.327,Credit Card,Fashion,0,1,0
CUST11278,139,9,2,0.187,5.94,1634.52,0.348,COD,Beauty,1,0,0
CUST11279,117,6,2,0.352,4.31,2801.0,0.114,Credit Card,Home & Kitchen,0,1,1
CUST11280,604,6,1,0.212,5.45,400.6,0.261,Wallet,Fashion,1,1,0
CUST11281,48,11,2,0.169,6.93,3002.54,0.265,UPI,Footwear,0,0,0
CUST11282,249,9,0,0.021,13.16,1679.52,0.361,COD,Beauty,1,0,0
CUST11283,760,5,1,0.209,5.11,2119.26,0.296,UPI,Fashion,0,0,0
CUST11284,366,8,1,0.063,6.56,1519.31,0.145,Wallet,Home & Kitchen,1,1,0
CUST11285,211,7,1,0.128,7.3,3733.83,0.1,UPI,Fashion,0,0,0
CUST11286,314,6,0,0.073,8.7,2114.6,0.454,UPI,Fashion,1,0,0
CUST11287,168,5,1,0.131,7.6,1351.24,0.454,Wallet,Footwear,2,0,0
CUST11288,440,7,1,0.15,2.1,2743.2,0.119,Debit Card,Fashion,0,1,0
CUST11289,472,6,2,0.251,10.29,1541.22,0.101,Debit Card,Fashion,1,1,1
CUST11290,233,6,0,0.0,4.51,384.66,0.073,Debit Card,Fashion,1,0,0
CUST11291,489,10,2,0.214,6.44,286.32,0.252,Credit Card,Footwear,0,1,0
CUST11292,404,7,2,0.238,4.52,2696.51,0.113,UPI,Home & Kitchen,0,0,1
CUST11293,123,9,1,0.072,9.52,2077.87,0.314,UPI,Beauty,0,0,0
CUST11294,144,9,4,0.411,2.91,2700.67,0.602,COD,Mobiles,2,1,1
CUST11295,64,4,0,0.114,10.49,885.85,0.461,COD,Fashion,0,0,0
CUST11296,182,12,2,0.153,15.19,770.4,0.34,UPI,Beauty,0,1,0
CUST11297,540,10,0,0.0,6.1,2279.95,0.385,Credit Card,Books,0,1,0
CUST11298,337,12,1,0.113,7.16,1489.89,0.373,COD,Mobiles,0,1,0
CUST11299,5,4,1,0.179,7.05,1644.76,0.505,Debit Card,Electronics,0,0,0
CUST11300,470,13,2,0.132,9.76,5357.57,0.12,COD,Beauty,0,0,0
CUST11301,235,11,1,0.084,13.44,2602.63,0.583,UPI,Beauty,0,0,0
CUST11302,44,6,0,0.015,6.09,1915.33,0.198,COD,Footwear,0,0,0
CUST11303,172,6,0,0.002,7.18,652.47,0.378,COD,Beauty,1,1,0
CUST11304,540,5,1,0.258,5.93,560.76,0.091,Credit Card,Books,0,0,1
CUST11305,431,5,1,0.104,8.4,1407.73,0.543,Debit Card,Fashion,0,0,0
CUST11306,191,8,2,0.294,5.48,1114.55,0.186,Credit Card,Home & Kitchen,0,1,1
CUST11307,33,6,1,0.188,14.46,2098.56,0.076,Debit Card,Fashion,0,0,0
CUST11308,39,7,2,0.241,7.34,1043.15,0.069,UPI,Footwear,0,0,1
CUST11309,310,5,1,0.279,9.71,4358.15,0.397,Credit Card,Fashion,0,1,1
CUST11310,349,2,1,0.381,6.5,1718.74,0.465,Credit Card,Home & Kitchen,0,0,1
CUST11311,80,8,2,0.297,5.04,1576.4,0.176,COD,Electronics,0,0,1
CUST11312,29,17,2,0.126,10.27,1103.04,0.495,COD,Beauty,1,0,0
CUST11313,617,6,2,0.329,10.21,1526.02,0.516,COD,Beauty,0,0,1
CUST11314,199,9,2,0.224,5.72,496.63,0.234,Debit Card,Beauty,0,1,0
CUST11315,1121,11,8,0.685,2.6,2455.61,0.551,COD,Fashion,0,1,1
CUST11316,1083,7,1,0.168,7.08,675.67,0.378,COD,Fashion,1,1,0
CUST11317,28,7,0,0.047,7.87,3208.76,0.32,UPI,Home & Kitchen,0,1,0
CUST11318,25,6,1,0.193,6.18,3166.13,0.33,Debit Card,Home & Kitchen,0,0,0
CUST11319,365,6,1,0.15,6.37,4099.41,0.69,UPI,Footwear,0,1,0
CUST11320,271,4,0,0.012,14.09,6389.92,0.153,Credit Card,Fashion,0,0,0
CUST11321,10,5,2,0.356,4.45,2094.82,0.657,Wallet,Fashion,2,0,1
CUST11322,6,9,1,0.152,6.02,711.68,0.307,COD,Home & Kitchen,1,0,0
CUST11323,61,9,2,0.256,8.32,1234.04,0.218,UPI,Fashion,1,0,1
CUST11324,189,5,1,0.123,12.17,3834.67,0.23,Credit Card,Beauty,0,0,0
CUST11325,332,7,0,0.02,12.41,1129.52,0.064,Debit Card,Fashion,0,0,0
CUST11326,78,9,2,0.249,3.65,429.65,0.392,Debit Card,Electronics,0,0,1
CUST11327,139,10,5,0.496,1.55,2360.16,0.466,Credit Card,Home & Kitchen,0,1,1
CUST11328,174,4,0,0.093,11.31,4806.1,0.319,UPI,Fashion,0,0,0
CUST11329,740,12,8,0.692,2.58,792.89,0.758,Wallet,Mobiles,3,0,1
CUST11330,697,16,3,0.163,10.13,1898.74,0.502,Credit Card,Fashion,0,0,0
CUST11331,71,7,1,0.163,4.95,1426.88,0.229,Debit Card,Home & Kitchen,0,0,0
CUST11332,383,7,1,0.174,8.11,3862.68,0.459,COD,Fashion,0,0,0
CUST11333,866,11,1,0.084,10.97,867.11,0.455,Debit Card,Fashion,0,1,0
CUST11334,321,7,0,0.055,12.4,409.53,0.5,Credit Card,Footwear,0,0,0
CUST11335,370,4,1,0.16,5.39,2463.49,0.425,COD,Home & Kitchen,1,0,0
CUST11336,383,13,2,0.125,9.25,1469.4,0.511,Debit Card,Fashion,0,1,0
CUST11337,389,14,10,0.731,5.33,1062.1,0.401,Credit Card,Fashion,0,1,1
CUST11338,472,5,2,0.35,6.11,518.04,0.352,COD,Fashion,0,1,1
CUST11339,185,10,1,0.142,11.1,1240.33,0.301,UPI,Electronics,0,0,0
CUST11340,14,11,2,0.157,8.98,960.82,0.16,Debit Card,Electronics,1,0,0
CUST11341,288,6,0,0.02,5.88,1486.32,0.366,COD,Fashion,0,0,0
CUST11342,160,6,4,0.624,0.5,724.2,0.419,Credit Card,Fashion,1,1,1
CUST11343,237,7,2,0.227,6.35,835.66,0.425,UPI,Fashion,0,0,0
CUST11344,156,11,1,0.071,10.11,601.08,0.169,COD,Home & Kitchen,0,1,0
CUST11345,147,8,2,0.228,7.33,6783.11,0.137,UPI,Fashion,0,0,0
CUST11346,56,9,2,0.264,6.28,1052.72,0.29,UPI,Footwear,1,0,1
CUST11347,140,4,0,0.036,6.41,3760.62,0.11,Credit Card,Mobiles,0,0,0
CUST11348,133,6,1,0.105,8.77,3505.31,0.463,COD,Mobiles,1,1,0
CUST11349,326,8,0,0.037,7.2,1582.4,0.309,UPI,Mobiles,0,0,0
CUST11350,1500,6,1,0.092,10.83,1613.5,0.44,COD,Fashion,0,0,0
CUST11351,664,10,1,0.061,7.17,1422.4,0.253,COD,Home & Kitchen,2,0,0
CUST11352,246,6,3,0.44,2.18,2279.75,0.246,Debit Card,Electronics,1,1,1
CUST11353,341,6,0,0.053,9.17,2355.15,0.333,Debit Card,Footwear,1,0,0
CUST11354,1036,6,1,0.095,7.28,2206.79,0.244,COD,Electronics,2,0,0
CUST11355,594,6,4,0.699,2.61,2875.6,0.877,Credit Card,Beauty,0,1,1
CUST11356,230,15,2,0.14,6.14,2112.69,0.319,UPI,Mobiles,0,1,0
CUST11357,60,4,0,0.091,11.98,1966.81,0.093,Credit Card,Beauty,0,1,0
CUST11358,1197,3,0,0.118,8.43,1385.52,0.296,COD,Electronics,0,0,0
CUST11359,936,5,0,0.0,13.14,3156.23,0.177,Credit Card,Fashion,0,0,0
CUST11360,175,8,1,0.119,14.44,3422.05,0.418,COD,Mobiles,0,0,0
CUST11361,202,7,0,0.056,11.41,974.76,0.456,COD,Home & Kitchen,0,1,0
CUST11362,137,11,3,0.249,4.45,4699.13,0.32,UPI,Fashion,0,0,1
CUST11363,110,7,2,0.229,3.37,2096.77,0.268,Credit Card,Beauty,1,0,0
CUST11364,317,8,0,0.0,12.66,2291.67,0.194,COD,Footwear,0,0,0
CUST11365,68,11,4,0.387,8.69,628.49,0.204,UPI,Electronics,0,0,1
CUST11366,122,10,0,0.03,9.69,2281.34,0.192,UPI,Footwear,2,0,0
CUST11367,257,6,1,0.209,6.09,898.4,0.123,Debit Card,Footwear,0,0,0
CUST11368,202,6,0,0.066,9.33,3029.43,0.249,Credit Card,Footwear,0,0,0
CUST11369,72,10,0,0.033,14.15,1069.03,0.135,COD,Beauty,0,0,0
CUST11370,98,7,0,0.029,7.97,963.25,0.27,COD,Electronics,0,1,0
CUST11371,71,13,5,0.361,7.46,245.63,0.352,COD,Beauty,0,1,1
CUST11372,45,5,0,0.088,6.41,1295.31,0.492,Debit Card,Books,0,1,0
CUST11373,175,8,0,0.062,6.95,3260.78,0.087,Debit Card,Home & Kitchen,0,0,0
CUST11374,664,4,0,0.085,6.95,795.9,0.382,UPI,Footwear,0,0,0
CUST11375,524,9,2,0.261,8.46,3548.36,0.214,Debit Card,Mobiles,0,1,1
CUST11376,126,12,0,0.011,6.11,2747.52,0.16,COD,Electronics,0,0,0
CUST11377,107,8,1,0.068,6.35,2711.58,0.491,UPI,Fashion,0,0,0
CUST11378,226,5,0,0.036,5.79,1781.8,0.033,UPI,Mobiles,0,1,0
CUST11379,421,12,2,0.134,11.54,1921.74,0.174,UPI,Footwear,1,0,0
CUST11380,88,8,0,0.039,4.6,1904.19,0.097,Credit Card,Books,1,0,0
CUST11381,5,14,2,0.126,9.03,2806.55,0.21,UPI,Fashion,0,0,0
CUST11382,210,11,1,0.08,10.4,1374.0,0.369,Debit Card,Footwear,1,1,0
CUST11383,836,10,1,0.141,5.59,3304.58,0.047,Credit Card,Electronics,0,0,0
CUST11384,35,6,0,0.062,5.03,4088.24,0.335,UPI,Fashion,0,0,0
CUST11385,275,8,0,0.021,14.26,1630.19,0.346,COD,Home & Kitchen,0,0,0
CUST11386,28,9,3,0.289,6.88,1441.65,0.142,COD,Fashion,0,1,1
CUST11387,151,6,0,0.072,11.71,3091.67,0.47,COD,Footwear,0,1,0
CUST11388,177,8,1,0.081,1.65,1323.53,0.173,UPI,Electronics,1,0,0
CUST11389,118,6,1,0.103,6.93,1639.4,0.066,COD,Electronics,1,0,0
CUST11390,10,7,2,0.284,2.83,1343.75,0.116,COD,Mobiles,0,0,1
CUST11391,210,7,1,0.171,5.65,971.09,0.204,Credit Card,Fashion,0,0,0
CUST11392,192,4,0,0.102,10.57,1727.78,0.367,Debit Card,Fashion,1,1,0
CUST11393,5,9,0,0.0,14.28,4052.6,0.173,COD,Fashion,1,0,0
CUST11394,95,7,1,0.195,4.34,753.42,0.493,COD,Fashion,1,1,0
CUST11395,38,7,0,0.047,8.38,1314.11,0.153,COD,Beauty,0,0,0
CUST11396,578,8,1,0.154,1.17,2814.43,0.149,UPI,Fashion,0,0,0
CUST11397,412,8,2,0.3,3.53,1914.56,0.325,COD,Fashion,1,0,1
CUST11398,407,11,1,0.133,5.39,1289.86,0.335,Debit Card,Fashion,0,0,0
CUST11399,199,7,1,0.08,11.56,421.79,0.121,Debit Card,Electronics,2,0,0
CUST11400,560,6,1,0.13,7.2,2325.21,0.317,COD,Beauty,0,1,0
CUST11401,272,7,1,0.078,6.71,1255.8,0.553,Debit Card,Footwear,0,0,0
CUST11402,127,10,1,0.094,4.65,3918.58,0.519,COD,Fashion,0,0,0
CUST11403,369,11,0,0.039,10.54,2001.29,0.067,UPI,Electronics,0,0,0
CUST11404,504,10,1,0.092,10.64,1221.55,0.356,UPI,Fashion,1,1,0
CUST11405,36,8,2,0.31,5.1,1872.5,0.2,UPI,Beauty,1,0,1
CUST11406,234,3,0,0.026,3.12,672.76,0.286,COD,Fashion,0,0,0
CUST11407,488,6,0,0.064,11.26,2446.7,0.074,COD,Footwear,1,0,0
CUST11408,9,9,2,0.218,3.49,1191.37,0.24,Credit Card,Fashion,0,0,0
CUST11409,209,12,3,0.22,11.35,1941.87,0.159,Debit Card,Fashion,0,0,0
CUST11410,120,4,0,0.0,4.93,3187.38,0.095,COD,Home & Kitchen,0,0,0
CUST11411,85,5,1,0.202,8.21,1732.53,0.455,Wallet,Books,0,0,0
CUST11412,710,10,1,0.092,4.14,977.9,0.147,Debit Card,Home & Kitchen,1,0,0
CUST11413,142,13,1,0.094,2.3,4215.65,0.299,Credit Card,Home & Kitchen,2,0,0
CUST11414,247,6,1,0.173,5.64,1390.77,0.147,UPI,Beauty,0,0,0
CUST11415,268,6,2,0.346,6.66,1657.77,0.333,UPI,Fashion,0,0,1
CUST11416,297,12,1,0.049,11.13,6132.55,0.272,UPI,Electronics,2,0,0
CUST11417,384,9,1,0.13,14.13,1513.93,0.125,UPI,Fashion,0,0,0
CUST11418,1008,17,3,0.19,2.99,920.0,0.322,COD,Electronics,0,0,0
CUST11419,191,8,2,0.206,5.7,2596.19,0.081,COD,Footwear,0,0,0
CUST11420,253,7,0,0.0,12.78,1674.6,0.066,UPI,Fashion,0,0,0
CUST11421,23,7,1,0.124,9.73,1129.13,0.497,COD,Mobiles,0,0,0
CUST11422,287,7,0,0.0,7.46,726.95,0.313,COD,Mobiles,0,0,0
CUST11423,20,9,0,0.037,11.56,1316.01,0.208,COD,Fashion,0,0,0
CUST11424,200,8,2,0.258,9.56,1822.64,0.405,UPI,Footwear,0,0,1
CUST11425,404,15,2,0.155,11.2,1996.26,0.224,Debit Card,Mobiles,0,0,0
CUST11426,602,10,1,0.06,8.05,1094.92,0.104,UPI,Fashion,0,0,0
CUST11427,43,7,1,0.135,13.71,1745.08,0.169,Credit Card,Electronics,1,0,0
CUST11428,430,4,0,0.047,10.5,701.39,0.462,UPI,Home & Kitchen,0,1,0
CUST11429,9,2,0,0.1,2.95,2485.74,0.232,COD,Books,1,0,0
CUST11430,215,4,1,0.31,6.67,778.02,0.404,UPI,Fashion,1,1,1
CUST11431,700,10,2,0.228,2.95,904.2,0.567,COD,Fashion,0,0,0
CUST11432,1283,6,1,0.109,5.45,7838.48,0.328,Credit Card,Fashion,0,0,0
CUST11433,69,12,1,0.055,9.32,1638.52,0.248,UPI,Home & Kitchen,0,1,0
CUST11434,150,6,1,0.145,10.7,831.68,0.299,UPI,Fashion,0,0,0
CUST11435,156,10,2,0.207,2.9,2423.85,0.369,Debit Card,Electronics,0,0,0
CUST11436,59,13,3,0.222,7.03,2374.19,0.052,COD,Fashion,0,0,0
CUST11437,128,12,2,0.16,10.32,1244.39,0.315,COD,Fashion,0,1,0
CUST11438,101,7,1,0.118,9.1,530.04,0.026,COD,Fashion,0,0,0
CUST11439,328,12,2,0.158,7.36,4145.78,0.348,COD,Fashion,0,0,0
CUST11440,120,3,0,0.057,13.3,2295.36,0.33,Credit Card,Beauty,0,1,0
CUST11441,210,4,0,0.092,5.56,2463.84,0.353,COD,Home & Kitchen,0,0,0
CUST11442,932,11,1,0.069,6.47,1351.44,0.068,UPI,Fashion,0,0,0
CUST11443,907,7,0,0.033,7.85,2771.85,0.361,COD,Mobiles,0,0,0
CUST11444,472,8,1,0.174,8.75,2631.72,0.527,COD,Fashion,0,0,0
CUST11445,204,5,0,0.007,7.85,2935.55,0.145,Credit Card,Footwear,0,0,0
CUST11446,263,6,1,0.09,13.08,3387.93,0.092,Credit Card,Electronics,0,0,0
CUST11447,259,7,1,0.077,4.25,1008.83,0.275,UPI,Fashion,1,0,0
CUST11448,592,6,1,0.123,4.08,4578.63,0.38,UPI,Home & Kitchen,0,1,0
CUST11449,250,4,1,0.148,6.97,4819.6,0.131,UPI,Home & Kitchen,0,0,0
CUST11450,175,6,1,0.196,5.55,1506.09,0.371,Credit Card,Books,0,0,0
CUST11451,26,8,2,0.248,3.85,3147.46,0.372,Debit Card,Fashion,0,0,1
CUST11452,42,12,5,0.417,0.72,2834.59,0.771,COD,Footwear,1,0,1
CUST11453,283,7,2,0.263,7.66,1049.82,0.477,UPI,Books,0,1,1
CUST11454,130,13,1,0.082,7.95,1909.02,0.428,Credit Card,Fashion,0,0,0
CUST11455,600,1,0,0.265,4.09,1096.51,0.132,COD,Home & Kitchen,0,0,1
CUST11456,85,4,1,0.18,8.24,2762.78,0.667,COD,Beauty,0,0,0
CUST11457,86,5,1,0.128,10.45,2210.35,0.399,Credit Card,Fashion,0,0,0
CUST11458,380,5,3,0.689,1.8,1479.89,0.178,COD,Footwear,1,1,1
CUST11459,196,9,4,0.414,6.33,3637.97,0.159,Debit Card,Electronics,1,0,1
CUST11460,1010,6,2,0.259,5.79,758.06,0.286,COD,Mobiles,1,0,1
CUST11461,37,6,2,0.377,3.91,3910.48,0.312,UPI,Beauty,0,1,1
CUST11462,41,9,0,0.011,7.09,1709.46,0.056,COD,Beauty,0,0,0
CUST11463,138,5,3,0.689,1.75,337.42,0.238,UPI,Fashion,0,1,1
CUST11464,166,10,2,0.246,1.57,4222.41,0.368,COD,Mobiles,0,1,1
CUST11465,827,6,0,0.069,12.74,2903.57,0.155,COD,Home & Kitchen,0,0,0
CUST11466,1336,8,0,0.0,9.31,1702.96,0.596,UPI,Home & Kitchen,0,0,0
CUST11467,227,12,1,0.047,5.37,2220.19,0.546,Credit Card,Fashion,0,0,0
CUST11468,57,10,1,0.113,10.04,2575.22,0.212,COD,Fashion,0,1,0
CUST11469,149,10,1,0.108,8.27,2107.84,0.369,COD,Beauty,0,1,0
CUST11470,480,11,2,0.156,1.86,735.7,0.323,COD,Electronics,1,1,0
CUST11471,43,9,1,0.11,4.75,1315.13,0.183,COD,Electronics,0,0,0
CUST11472,205,12,7,0.583,0.5,2029.71,0.221,Debit Card,Fashion,0,1,1
CUST11473,117,9,1,0.102,6.23,4436.51,0.176,COD,Fashion,0,0,0
CUST11474,1355,10,1,0.125,9.84,501.85,0.043,Wallet,Home & Kitchen,1,0,0
CUST11475,86,4,0,0.061,5.47,2971.4,0.417,COD,Fashion,1,0,0
CUST11476,1183,5,0,0.092,8.5,1478.14,0.219,COD,Fashion,0,0,0
CUST11477,64,11,1,0.091,18.55,115.43,0.073,COD,Fashion,0,1,0
CUST11478,123,11,1,0.062,12.98,2612.31,0.26,Credit Card,Home & Kitchen,0,0,0
CUST11479,128,7,1,0.08,15.08,538.3,0.371,COD,Mobiles,0,1,0
CUST11480,167,6,0,0.071,7.3,4362.45,0.23,COD,Fashion,0,1,0
CUST11481,425,10,2,0.174,4.23,1187.72,0.133,UPI,Mobiles,0,0,0
CUST11482,93,9,6,0.718,2.11,1488.48,0.267,UPI,Home & Kitchen,2,0,1
CUST11483,405,6,1,0.115,8.76,616.36,0.078,Debit Card,Footwear,0,0,0
CUST11484,126,10,3,0.268,7.35,1736.48,0.146,COD,Home & Kitchen,0,0,1
CUST11485,249,6,1,0.101,4.62,2308.05,0.105,Credit Card,Beauty,0,0,0
CUST11486,342,7,1,0.12,12.68,1118.64,0.236,COD,Home & Kitchen,0,0,0
CUST11487,63,7,1,0.096,6.22,2109.65,0.074,COD,Fashion,0,0,0
CUST11488,471,7,1,0.128,8.2,880.94,0.415,UPI,Fashion,0,0,0
CUST11489,453,5,1,0.147,5.34,2934.8,0.337,COD,Beauty,0,0,0
CUST11490,289,7,0,0.041,5.74,3229.92,0.261,COD,Beauty,0,0,0
CUST11491,311,9,0,0.054,7.9,1879.83,0.286,UPI,Fashion,0,1,0
CUST11492,335,12,0,0.0,9.58,2679.31,0.39,Debit Card,Home & Kitchen,0,0,0
CUST11493,179,4,1,0.174,4.25,1364.17,0.51,Credit Card,Fashion,2,0,0
CUST11494,178,8,2,0.206,3.99,4011.17,0.367,COD,Footwear,1,0,0
CUST11495,284,10,5,0.505,4.04,1955.74,0.425,Credit Card,Beauty,0,0,1
CUST11496,663,10,1,0.075,8.24,935.41,0.319,UPI,Beauty,0,0,0
CUST11497,421,13,8,0.59,2.25,2031.4,0.674,COD,Home & Kitchen,1,1,1
CUST11498,294,7,1,0.075,8.62,2780.32,0.071,UPI,Electronics,0,0,0
CUST11499,178,11,2,0.194,8.77,622.28,0.532,UPI,Fashion,2,1,0
CUST11500,637,5,0,0.092,9.49,2620.82,0.313,UPI,Beauty,0,1,0
CUST11501,555,4,0,0.08,8.41,4810.18,0.725,UPI,Electronics,0,0,0
CUST11502,509,5,0,0.086,6.25,960.44,0.069,UPI,Electronics,0,1,0
CUST11503,776,1,0,0.284,7.31,1454.76,0.22,COD,Electronics,0,1,1
CUST11504,644,11,5,0.414,9.04,4333.14,0.234,UPI,Electronics,2,0,1
CUST11505,146,6,0,0.076,7.79,509.79,0.287,COD,Fashion,0,0,0
CUST11506,439,9,1,0.134,6.75,717.36,0.178,COD,Fashion,0,1,0
CUST11507,165,8,1,0.125,5.56,2077.71,0.616,COD,Home & Kitchen,0,0,0
CUST11508,335,13,1,0.115,3.42,3434.79,0.436,UPI,Footwear,1,0,0
CUST11509,194,8,1,0.084,7.21,1776.96,0.17,Debit Card,Beauty,2,0,0
CUST11510,338,6,1,0.123,9.87,4049.97,0.256,Debit Card,Electronics,0,0,0
CUST11511,156,10,0,0.049,11.33,2767.27,0.42,UPI,Beauty,0,1,0
CUST11512,356,8,1,0.109,9.64,3736.8,0.602,UPI,Mobiles,1,0,0
CUST11513,116,3,1,0.289,3.66,1610.95,0.176,COD,Footwear,0,0,1
CUST11514,104,3,1,0.309,10.55,2000.59,0.145,COD,Footwear,0,0,1
CUST11515,806,4,1,0.248,6.19,1313.58,0.118,Credit Card,Books,1,0,1
CUST11516,729,7,2,0.317,2.2,2664.31,0.137,Credit Card,Beauty,1,0,1
CUST11517,50,13,1,0.091,2.67,2801.69,0.168,Credit Card,Footwear,0,1,0
CUST11518,940,14,4,0.26,8.43,1847.33,0.418,UPI,Home & Kitchen,0,0,1
CUST11519,237,5,1,0.108,4.87,4318.86,0.42,COD,Electronics,0,1,0
CUST11520,61,4,0,0.015,5.18,1196.21,0.496,UPI,Electronics,0,0,0
CUST11521,12,11,1,0.132,14.33,587.87,0.595,UPI,Books,0,0,0
CUST11522,595,12,2,0.207,4.13,4354.23,0.124,Wallet,Mobiles,0,0,0
CUST11523,83,7,2,0.252,5.05,912.4,0.176,COD,Home & Kitchen,0,0,1
CUST11524,351,6,1,0.19,8.03,891.57,0.223,Credit Card,Fashion,0,0,0
CUST11525,333,9,0,0.0,9.99,1081.87,0.365,Wallet,Beauty,0,0,0
CUST11526,334,9,7,0.728,2.35,2013.18,0.754,COD,Footwear,4,1,1
CUST11527,923,8,3,0.425,5.63,1241.59,0.517,COD,Fashion,0,0,1
CUST11528,171,5,1,0.11,8.64,756.87,0.277,Debit Card,Mobiles,0,1,0
CUST11529,106,7,1,0.193,5.08,257.55,0.216,COD,Beauty,0,1,0
CUST11530,25,4,0,0.065,11.06,1479.99,0.541,UPI,Home & Kitchen,0,0,0
CUST11531,18,11,0,0.035,7.95,828.02,0.077,UPI,Footwear,1,1,0
CUST11532,74,4,0,0.07,15.97,2298.25,0.47,Credit Card,Footwear,0,0,0
CUST11533,123,6,4,0.618,3.52,370.43,0.697,UPI,Home & Kitchen,1,1,1
CUST11534,864,5,1,0.282,0.88,5258.16,0.645,COD,Fashion,0,0,1
CUST11535,523,5,0,0.046,11.18,1136.23,0.369,UPI,Beauty,0,0,0
CUST11536,48,6,1,0.226,11.2,1502.63,0.565,COD,Electronics,1,1,0
CUST11537,663,4,2,0.541,3.23,1447.92,0.665,Debit Card,Mobiles,0,0,1
CUST11538,270,6,0,0.046,16.34,885.23,0.352,COD,Mobiles,1,0,0
CUST11539,208,14,1,0.073,6.17,1113.53,0.057,Debit Card,Beauty,0,0,0
CUST11540,99,10,3,0.278,6.38,1348.13,0.125,COD,Home & Kitchen,0,0,1
CUST11541,218,8,2,0.21,4.42,470.54,0.657,Credit Card,Fashion,0,0,0
CUST11542,20,6,1,0.183,4.85,2800.13,0.072,COD,Home & Kitchen,0,0,0
CUST11543,20,16,4,0.28,9.23,784.89,0.135,COD,Electronics,0,0,1
CUST11544,96,8,1,0.108,7.99,4361.78,0.253,Debit Card,Fashion,1,1,0
CUST11545,5,12,3,0.237,3.83,403.25,0.22,UPI,Fashion,0,0,1
CUST11546,34,5,4,0.764,3.99,483.36,0.744,UPI,Fashion,2,1,1
CUST11547,128,8,7,0.897,1.75,3157.35,0.735,UPI,Fashion,2,1,1
CUST11548,316,7,2,0.333,6.48,7272.77,0.261,UPI,Footwear,2,0,1
CUST11549,747,11,3,0.306,3.0,1730.31,0.284,UPI,Fashion,0,1,1
CUST11550,30,7,1,0.162,7.82,1188.26,0.18,Credit Card,Footwear,0,0,0
CUST11551,187,9,1,0.074,6.94,1313.16,0.218,Credit Card,Fashion,1,0,0
CUST11552,748,13,1,0.105,9.15,1988.71,0.135,Credit Card,Electronics,0,0,0
CUST11553,869,4,0,0.035,11.8,2770.41,0.278,COD,Mobiles,0,0,0
CUST11554,283,8,0,0.062,8.8,2413.73,0.335,COD,Footwear,0,1,0
CUST11555,647,6,1,0.156,12.63,1468.74,0.238,COD,Fashion,2,0,0
CUST11556,51,10,0,0.028,8.96,1826.04,0.241,Debit Card,Electronics,1,0,0
CUST11557,121,13,1,0.104,9.67,1299.1,0.498,UPI,Footwear,2,1,0
CUST11558,333,12,3,0.245,7.4,1702.45,0.267,COD,Mobiles,0,0,1
CUST11559,116,5,0,0.002,12.3,3011.59,0.322,COD,Mobiles,1,0,0
CUST11560,49,5,1,0.297,7.91,3365.46,0.119,COD,Home & Kitchen,0,0,1
CUST11561,63,9,0,0.016,13.23,1588.63,0.259,Credit Card,Beauty,0,0,0
CUST11562,457,6,0,0.062,8.69,1698.76,0.128,UPI,Fashion,2,0,0
CUST11563,417,4,1,0.277,6.54,415.51,0.18,Credit Card,Electronics,0,1,1
CUST11564,220,5,1,0.208,4.98,2221.39,0.279,COD,Home & Kitchen,0,0,0
CUST11565,432,13,8,0.639,2.89,997.37,0.516,Debit Card,Beauty,1,0,1
CUST11566,85,9,1,0.102,12.94,2163.73,0.751,COD,Mobiles,0,0,0
CUST11567,311,10,0,0.026,2.45,1805.72,0.335,COD,Electronics,0,1,0
CUST11568,19,8,1,0.122,11.42,143.58,0.196,COD,Electronics,0,1,0
CUST11569,234,12,1,0.102,7.82,1186.87,0.357,COD,Electronics,1,0,0
CUST11570,174,9,1,0.084,12.44,568.84,0.283,UPI,Beauty,1,0,0
CUST11571,714,10,3,0.293,7.0,2919.01,0.046,Debit Card,Fashion,0,0,1
CUST11572,185,11,2,0.151,7.86,853.45,0.09,Debit Card,Mobiles,0,0,0
CUST11573,336,3,0,0.029,9.25,2185.94,0.323,UPI,Electronics,0,0,0
CUST11574,402,7,1,0.187,11.51,1828.82,0.381,COD,Electronics,0,0,0
CUST11575,161,5,0,0.027,4.17,5031.1,0.262,COD,Mobiles,1,0,0
CUST11576,973,10,1,0.105,3.62,2108.48,0.252,Debit Card,Footwear,0,0,0
CUST11577,108,5,1,0.106,3.39,1024.3,0.232,COD,Electronics,1,0,0
CUST11578,804,11,1,0.082,8.9,2884.12,0.067,Credit Card,Beauty,1,1,0
CUST11579,115,9,1,0.107,8.33,263.27,0.064,Wallet,Beauty,0,1,0
CUST11580,334,8,2,0.28,6.27,3195.23,0.124,Debit Card,Electronics,1,1,1
CUST11581,94,4,1,0.214,4.57,390.7,0.37,UPI,Fashion,0,0,0
CUST11582,308,9,1,0.056,11.81,1403.17,0.344,COD,Electronics,1,1,0
CUST11583,467,6,1,0.158,8.33,2650.62,0.51,COD,Fashion,1,0,0
CUST11584,277,10,3,0.332,9.6,444.95,0.481,Credit Card,Books,0,0,1
CUST11585,276,12,7,0.6,3.56,2246.68,0.586,COD,Home & Kitchen,0,0,1
CUST11586,50,8,1,0.141,5.88,3863.16,0.221,COD,Home & Kitchen,0,0,0
CUST11587,85,6,1,0.134,6.47,698.54,0.51,Debit Card,Fashion,0,0,0
CUST11588,424,8,1,0.171,4.71,1683.85,0.299,UPI,Footwear,0,1,0
CUST11589,98,5,2,0.356,5.48,2291.76,0.239,Debit Card,Fashion,2,0,1
CUST11590,367,7,1,0.107,12.47,923.26,0.242,Credit Card,Electronics,0,0,0
CUST11591,1153,4,1,0.207,8.85,4889.11,0.478,UPI,Footwear,0,0,0
CUST11592,428,6,1,0.234,4.2,3490.45,0.198,UPI,Mobiles,0,0,1
CUST11593,570,9,1,0.121,9.54,2407.79,0.355,Credit Card,Beauty,0,0,0
CUST11594,149,11,1,0.095,2.41,3007.03,0.312,Debit Card,Electronics,1,0,0
CUST11595,133,6,0,0.0,8.33,893.94,0.213,COD,Footwear,0,0,0
CUST11596,270,4,1,0.283,5.42,2584.01,0.465,Credit Card,Footwear,1,1,1
CUST11597,350,6,1,0.144,8.91,442.76,0.271,UPI,Fashion,1,0,0
CUST11598,182,4,1,0.216,4.3,1678.33,0.47,UPI,Fashion,0,1,0
CUST11599,245,5,2,0.331,10.63,3518.2,0.257,COD,Electronics,3,0,1
CUST11600,739,6,2,0.387,6.93,1738.91,0.085,Debit Card,Fashion,0,0,1
CUST11601,604,5,1,0.228,6.82,1906.13,0.114,UPI,Beauty,0,0,0
CUST11602,137,12,4,0.322,1.31,1134.89,0.437,UPI,Footwear,0,1,1
CUST11603,307,12,7,0.55,2.91,4709.69,0.498,UPI,Beauty,0,1,1
CUST11604,84,7,1,0.124,11.02,1528.91,0.565,Credit Card,Fashion,0,0,0
CUST11605,108,10,1,0.076,4.94,2532.25,0.111,COD,Mobiles,0,1,0
CUST11606,1070,5,1,0.134,9.57,1455.97,0.324,Credit Card,Fashion,0,0,0
CUST11607,198,7,2,0.303,7.88,971.25,0.175,Debit Card,Mobiles,0,0,1
CUST11608,1412,3,1,0.219,4.12,1179.66,0.234,UPI,Books,1,0,0
CUST11609,28,8,0,0.042,4.84,3314.37,0.098,UPI,Beauty,0,0,0
CUST11610,7,7,2,0.238,7.06,836.53,0.712,COD,Home & Kitchen,1,0,1
CUST11611,198,8,0,0.059,5.09,2173.29,0.054,Wallet,Fashion,0,0,0
CUST11612,204,11,1,0.133,8.64,325.51,0.186,COD,Mobiles,0,0,0
CUST11613,87,9,1,0.075,9.59,4216.7,0.082,COD,Footwear,0,0,0
CUST11614,478,9,1,0.073,7.59,1344.41,0.36,Debit Card,Fashion,0,1,0
CUST11615,132,3,1,0.25,9.72,2935.64,0.598,Credit Card,Footwear,0,0,1
CUST11616,347,4,0,0.108,4.07,3648.7,0.329,COD,Fashion,0,0,0
CUST11617,184,8,1,0.134,8.7,784.06,0.19,COD,Electronics,0,0,0
CUST11618,575,6,2,0.268,7.46,1265.28,0.392,COD,Beauty,0,0,1
CUST11619,126,6,1,0.086,8.84,4964.93,0.456,Credit Card,Home & Kitchen,0,0,0
CUST11620,45,6,4,0.666,3.93,2066.24,0.735,COD,Footwear,0,1,1
CUST11621,449,9,1,0.083,10.47,184.66,0.084,UPI,Fashion,0,1,0
CUST11622,112,7,1,0.114,5.82,715.06,0.049,UPI,Home & Kitchen,2,0,0
CUST11623,589,10,0,0.032,12.21,501.41,0.32,UPI,Home & Kitchen,0,1,0
CUST11624,324,9,3,0.339,7.26,1129.86,0.317,COD,Fashion,0,1,1
CUST11625,1071,8,2,0.261,6.28,1666.21,0.097,COD,Fashion,0,1,1
CUST11626,121,12,1,0.1,8.89,857.24,0.201,COD,Electronics,0,0,0
CUST11627,162,12,0,0.027,8.59,1899.16,0.58,UPI,Books,0,1,0
CUST11628,301,8,2,0.223,7.67,2195.8,0.325,COD,Electronics,0,0,0
CUST11629,974,9,1,0.071,4.22,3429.82,0.433,UPI,Fashion,0,0,0
CUST11630,152,10,0,0.037,6.46,1922.88,0.271,UPI,Fashion,0,0,0
CUST11631,275,9,3,0.303,4.23,1129.31,0.12,UPI,Home & Kitchen,0,1,1
CUST11632,1167,11,8,0.691,2.69,3472.35,0.722,COD,Home & Kitchen,0,1,1
CUST11633,170,9,0,0.0,11.64,3476.51,0.252,COD,Fashion,0,1,0
CUST11634,992,5,1,0.154,4.36,2824.86,0.198,Credit Card,Electronics,1,1,0
CUST11635,215,5,1,0.142,6.36,1898.53,0.082,COD,Books,1,0,0
CUST11636,446,15,3,0.181,10.16,2093.28,0.077,COD,Books,0,0,0
CUST11637,303,10,1,0.053,6.11,4270.58,0.299,COD,Home & Kitchen,2,0,0
CUST11638,259,12,3,0.264,5.92,1748.93,0.231,COD,Beauty,3,0,1
CUST11639,884,9,1,0.066,6.28,248.07,0.271,UPI,Electronics,0,0,0
CUST11640,12,8,0,0.027,9.96,945.6,0.125,COD,Fashion,2,0,0
CUST11641,210,7,1,0.18,1.6,1181.12,0.727,Debit Card,Electronics,0,0,0
CUST11642,7,6,2,0.392,3.79,743.55,0.178,COD,Fashion,0,0,1
CUST11643,502,5,0,0.058,2.37,2056.22,0.525,COD,Fashion,0,0,0
CUST11644,81,6,0,0.052,8.72,2765.13,0.198,COD,Fashion,0,0,0
CUST11645,124,7,1,0.092,6.35,2177.95,0.57,Credit Card,Fashion,0,1,0
CUST11646,48,9,1,0.105,6.84,5034.77,0.332,Credit Card,Fashion,1,0,0
CUST11647,58,6,1,0.125,10.0,1205.91,0.147,Debit Card,Mobiles,1,0,0
CUST11648,83,7,0,0.0,6.78,941.74,0.177,Debit Card,Books,0,1,0
CUST11649,216,8,1,0.078,4.53,1749.48,0.09,COD,Mobiles,0,0,0
CUST11650,684,9,5,0.611,2.39,934.18,0.763,Credit Card,Beauty,1,1,1
CUST11651,54,5,1,0.275,5.48,763.85,0.385,COD,Fashion,0,1,1
CUST11652,480,6,0,0.018,6.28,1698.4,0.029,Credit Card,Electronics,1,0,0
CUST11653,262,8,2,0.19,12.38,1254.04,0.369,Debit Card,Footwear,0,0,0
CUST11654,112,8,0,0.053,6.14,1025.95,0.205,COD,Mobiles,0,1,0
CUST11655,24,9,1,0.078,4.43,2617.29,0.347,Wallet,Books,1,0,0
CUST11656,268,2,0,0.013,1.81,1147.4,0.255,COD,Fashion,0,1,0
CUST11657,65,6,0,0.081,7.1,987.13,0.123,UPI,Fashion,0,1,0
CUST11658,86,11,1,0.105,3.01,2950.56,0.58,Credit Card,Fashion,0,0,0
CUST11659,789,8,0,0.046,8.41,1329.54,0.299,Wallet,Electronics,1,0,0
CUST11660,442,8,2,0.225,7.93,3328.9,0.625,Credit Card,Fashion,0,1,0
CUST11661,389,8,1,0.068,9.42,2653.8,0.477,Debit Card,Books,1,0,0
CUST11662,465,8,1,0.148,2.37,3632.72,0.06,Credit Card,Fashion,0,0,0
CUST11663,699,4,1,0.255,4.73,1855.36,0.776,Credit Card,Footwear,2,0,1
CUST11664,230,8,2,0.203,5.08,5452.97,0.081,UPI,Electronics,0,0,0
CUST11665,44,9,1,0.113,3.01,4267.41,0.448,COD,Fashion,0,1,0
CUST11666,293,10,2,0.156,2.19,1885.82,0.348,COD,Fashion,0,0,0
CUST11667,101,9,0,0.0,8.82,1084.54,0.151,Wallet,Electronics,0,0,0
CUST11668,30,8,0,0.058,7.25,794.66,0.17,UPI,Home & Kitchen,0,0,0
CUST11669,309,6,0,0.024,10.26,685.7,0.18,Credit Card,Fashion,1,0,0
CUST11670,470,11,3,0.247,2.67,898.93,0.076,UPI,Books,0,0,1
CUST11671,62,13,2,0.136,9.68,780.77,0.256,UPI,Home & Kitchen,0,0,0
CUST11672,39,10,7,0.683,2.25,1827.85,0.456,Credit Card,Mobiles,1,1,1
CUST11673,52,14,4,0.256,2.33,894.75,0.138,COD,Fashion,0,0,1
CUST11674,143,5,0,0.0,10.5,1493.93,0.058,COD,Beauty,0,1,0
CUST11675,25,7,1,0.166,8.5,1405.97,0.342,Debit Card,Electronics,0,0,0
CUST11676,21,7,1,0.096,17.23,3289.24,0.116,Credit Card,Footwear,0,0,0
CUST11677,145,13,4,0.294,8.61,2839.62,0.21,Credit Card,Beauty,0,0,1
CUST11678,248,9,6,0.701,5.51,2665.19,0.496,UPI,Mobiles,1,0,1
CUST11679,568,3,1,0.183,0.5,680.55,0.409,Debit Card,Fashion,1,0,0
CUST11680,250,8,2,0.222,3.97,2479.28,0.191,UPI,Home & Kitchen,0,1,0
CUST11681,21,8,1,0.149,12.65,843.61,0.21,COD,Mobiles,0,0,0
CUST11682,748,12,2,0.137,4.11,841.16,0.257,Debit Card,Beauty,0,0,0
CUST11683,13,11,9,0.774,2.14,1300.37,0.758,COD,Electronics,0,1,1
CUST11684,621,6,0,0.066,6.31,895.59,0.659,UPI,Home & Kitchen,0,0,0
CUST11685,483,8,0,0.03,10.32,5088.96,0.409,Debit Card,Electronics,1,1,0
CUST11686,312,10,2,0.181,5.66,820.4,0.225,UPI,Electronics,0,0,0
CUST11687,75,8,1,0.1,10.35,770.07,0.506,COD,Footwear,0,0,0
CUST11688,162,6,1,0.224,6.24,294.22,0.093,UPI,Beauty,1,0,0
CUST11689,123,4,0,0.0,7.5,4933.3,0.387,UPI,Electronics,0,1,0
CUST11690,9,9,1,0.128,8.96,2551.1,0.054,UPI,Fashion,0,0,0
CUST11691,35,9,1,0.113,5.35,1375.48,0.391,Credit Card,Fashion,2,0,0
CUST11692,332,9,3,0.336,7.82,2879.62,0.175,UPI,Electronics,1,1,1
CUST11693,350,10,1,0.148,7.16,1043.29,0.529,Debit Card,Fashion,1,1,0
CUST11694,76,5,0,0.086,7.29,3522.91,0.128,Debit Card,Beauty,0,1,0
CUST11695,110,10,0,0.0,7.1,2195.09,0.219,COD,Fashion,0,1,0
CUST11696,445,2,1,0.276,5.5,4373.68,0.171,COD,Electronics,0,0,1
CUST11697,263,14,3,0.209,3.02,3165.7,0.133,COD,Fashion,0,0,0
CUST11698,820,8,3,0.345,3.1,2620.53,0.127,Debit Card,Beauty,0,0,1
CUST11699,630,12,2,0.143,8.73,660.01,0.105,COD,Electronics,0,0,0
CUST11700,286,8,4,0.46,3.81,1260.89,0.252,UPI,Home & Kitchen,1,1,1
CUST11701,619,7,1,0.085,10.7,516.97,0.212,UPI,Fashion,0,1,0
CUST11702,351,5,1,0.134,10.13,1515.84,0.171,Credit Card,Books,2,1,0
CUST11703,868,9,1,0.123,14.93,1099.3,0.208,COD,Beauty,0,1,0
CUST11704,30,5,0,0.088,11.96,3758.8,0.194,Credit Card,Fashion,1,1,0
CUST11705,151,6,1,0.163,6.16,2949.32,0.335,Credit Card,Books,0,0,0
CUST11706,751,6,1,0.16,8.6,480.26,0.207,UPI,Beauty,0,0,0
CUST11707,594,6,2,0.337,5.63,1490.53,0.43,COD,Fashion,0,0,1
CUST11708,118,10,1,0.06,11.1,1006.67,0.264,Credit Card,Fashion,0,0,0
CUST11709,255,10,0,0.019,9.86,3175.3,0.26,UPI,Beauty,1,0,0
CUST11710,57,11,8,0.729,1.18,2225.09,0.632,UPI,Fashion,0,1,1
CUST11711,472,6,2,0.404,8.69,913.23,0.202,COD,Electronics,0,1,1
CUST11712,174,8,1,0.182,7.9,731.5,0.718,COD,Fashion,0,1,0
CUST11713,519,7,1,0.143,9.15,4887.86,0.383,COD,Electronics,0,0,0
CUST11714,126,9,1,0.127,5.62,2769.98,0.064,COD,Mobiles,0,1,0
CUST11715,60,5,1,0.281,4.38,1322.97,0.226,COD,Fashion,0,0,1
CUST11716,297,11,3,0.232,5.64,2841.72,0.082,Debit Card,Fashion,0,0,1
CUST11717,202,8,0,0.05,8.69,1703.71,0.161,UPI,Fashion,1,0,0
CUST11718,192,12,2,0.16,5.08,1176.77,0.124,COD,Electronics,1,1,0
CUST11719,186,10,3,0.26,0.5,2017.38,0.159,COD,Home & Kitchen,4,1,1
CUST11720,100,10,5,0.544,2.34,2991.3,0.379,COD,Electronics,1,1,1
CUST11721,646,12,2,0.158,6.08,777.26,0.133,Debit Card,Footwear,0,1,0
CUST11722,392,14,4,0.269,6.34,4302.83,0.241,UPI,Electronics,1,0,1
CUST11723,68,10,1,0.107,3.12,1870.91,0.306,COD,Fashion,0,1,0
CUST11724,122,10,2,0.232,7.62,3652.48,0.38,COD,Fashion,0,1,1
CUST11725,585,7,1,0.158,11.49,695.54,0.079,Credit Card,Fashion,0,0,0
CUST11726,1009,5,0,0.046,6.86,1019.51,0.264,Credit Card,Footwear,0,0,0
CUST11727,320,9,2,0.178,12.36,482.32,0.17,COD,Fashion,0,1,0
CUST11728,132,3,1,0.214,9.89,3744.18,0.511,COD,Fashion,0,0,0
CUST11729,236,11,0,0.0,13.13,3869.97,0.319,UPI,Home & Kitchen,0,0,0
CUST11730,53,9,1,0.105,12.08,1221.9,0.404,COD,Books,2,0,0
CUST11731,94,8,1,0.083,4.91,2148.87,0.081,COD,Home & Kitchen,1,1,0
CUST11732,420,6,0,0.033,10.16,3115.13,0.422,UPI,Footwear,0,0,0
CUST11733,969,8,3,0.335,0.5,2358.93,0.036,Debit Card,Footwear,0,1,1
CUST11734,72,9,1,0.148,11.07,942.16,0.257,COD,Footwear,0,0,0
CUST11735,656,6,0,0.07,4.19,3793.62,0.405,UPI,Electronics,1,0,0
CUST11736,290,3,0,0.138,4.62,3087.36,0.105,COD,Fashion,0,0,0
CUST11737,14,13,1,0.07,11.31,3448.36,0.118,UPI,Footwear,0,0,0
CUST11738,125,6,1,0.13,4.26,1209.36,0.201,COD,Beauty,0,1,0
CUST11739,134,10,2,0.185,10.41,1404.95,0.22,Debit Card,Home & Kitchen,0,0,0
CUST11740,440,5,0,0.07,7.01,1911.73,0.23,COD,Footwear,0,0,0
CUST11741,31,6,4,0.747,0.5,1076.26,0.499,Debit Card,Fashion,2,1,1
CUST11742,102,4,1,0.249,4.66,522.58,0.486,UPI,Fashion,0,0,1
CUST11743,304,10,1,0.089,11.06,1599.47,0.481,Debit Card,Fashion,0,1,0
CUST11744,212,10,6,0.644,2.25,1131.88,0.693,Credit Card,Fashion,3,1,1
CUST11745,62,9,0,0.0,4.57,982.61,0.531,UPI,Mobiles,0,1,0
CUST11746,127,10,1,0.132,8.41,2266.38,0.437,Credit Card,Footwear,0,1,0
CUST11747,257,7,0,0.027,10.05,5171.13,0.372,Credit Card,Fashion,1,0,0
CUST11748,97,9,1,0.132,11.39,371.05,0.19,Credit Card,Footwear,0,1,0
CUST11749,372,9,4,0.487,1.71,3492.84,0.685,COD,Books,0,1,1
CUST11750,76,7,1,0.091,10.47,1906.61,0.09,Debit Card,Electronics,0,0,0
CUST11751,95,11,2,0.147,10.2,1222.55,0.167,Credit Card,Home & Kitchen,1,1,0
CUST11752,29,5,0,0.0,6.87,2174.93,0.299,UPI,Fashion,0,0,0
CUST11753,231,12,3,0.223,9.06,1245.88,0.319,UPI,Fashion,1,0,0
CUST11754,672,8,0,0.047,11.52,1807.68,0.356,COD,Footwear,0,0,0
CUST11755,45,3,0,0.151,21.9,699.22,0.268,Credit Card,Fashion,0,1,0
CUST11756,184,10,6,0.631,2.73,2397.97,0.869,COD,Beauty,1,1,1
CUST11757,67,16,1,0.079,5.42,650.32,0.056,UPI,Fashion,0,0,0
CUST11758,804,6,1,0.089,5.94,994.84,0.28,Credit Card,Fashion,0,1,0
CUST11759,514,10,4,0.381,4.44,2259.22,0.124,COD,Fashion,1,0,1
CUST11760,60,6,0,0.039,14.24,157.51,0.301,COD,Footwear,0,0,0
CUST11761,47,9,1,0.16,7.2,455.38,0.228,Debit Card,Electronics,1,0,0
CUST11762,49,9,1,0.087,13.67,508.55,0.338,Wallet,Fashion,0,0,0
CUST11763,126,2,0,0.24,8.67,1973.33,0.22,COD,Fashion,0,1,1
CUST11764,160,4,1,0.242,6.27,913.87,0.303,UPI,Electronics,1,1,1
CUST11765,242,11,1,0.067,8.71,931.17,0.184,COD,Mobiles,0,1,0
CUST11766,198,3,0,0.16,5.81,1923.9,0.207,COD,Footwear,0,0,0
CUST11767,37,10,1,0.127,6.86,1697.58,0.117,Credit Card,Fashion,0,1,0
CUST11768,912,6,0,0.039,12.57,2883.18,0.501,UPI,Fashion,0,0,0
CUST11769,28,10,2,0.188,8.08,665.19,0.089,UPI,Mobiles,1,0,0
CUST11770,205,7,1,0.16,4.78,2418.05,0.057,COD,Beauty,0,0,0
CUST11771,950,13,1,0.07,7.55,238.36,0.199,Credit Card,Fashion,0,0,0
CUST11772,60,12,2,0.183,4.43,2743.63,0.23,Debit Card,Home & Kitchen,1,0,0
CUST11773,136,11,1,0.109,4.36,1686.8,0.33,Credit Card,Mobiles,0,0,0
CUST11774,16,7,0,0.034,11.56,2293.48,0.101,Wallet,Footwear,1,0,0
CUST11775,400,6,1,0.139,7.81,3818.26,0.43,Credit Card,Electronics,0,0,0
CUST11776,502,7,1,0.15,6.99,5400.59,0.137,COD,Beauty,0,0,0
CUST11777,87,6,1,0.187,10.29,1996.85,0.203,UPI,Beauty,0,1,0
CUST11778,1500,11,0,0.0,14.43,1737.41,0.567,Credit Card,Fashion,0,0,0
CUST11779,126,8,1,0.086,7.36,4064.73,0.668,Credit Card,Footwear,0,0,0
CUST11780,108,3,0,0.127,5.23,1658.17,0.197,Wallet,Fashion,0,0,0
CUST11781,1303,6,0,0.068,9.71,745.96,0.21,COD,Fashion,0,0,0
CUST11782,388,7,1,0.204,7.56,2276.78,0.18,UPI,Footwear,0,0,0
CUST11783,407,9,1,0.16,13.15,2674.39,0.076,COD,Mobiles,0,1,0
CUST11784,220,8,3,0.42,0.51,2892.44,0.298,Debit Card,Fashion,2,1,1
CUST11785,197,5,1,0.105,10.98,2505.32,0.063,Debit Card,Electronics,0,0,0
CUST11786,277,7,1,0.108,5.31,734.33,0.394,COD,Electronics,0,1,0
CUST11787,430,7,1,0.212,10.07,775.88,0.524,COD,Fashion,0,0,0
CUST11788,435,8,5,0.663,2.31,2364.91,0.526,Debit Card,Mobiles,0,1,1
CUST11789,20,7,1,0.108,6.34,937.85,0.384,UPI,Footwear,0,1,0
CUST11790,426,6,0,0.0,7.68,1051.97,0.404,Credit Card,Home & Kitchen,0,0,0
CUST11791,444,6,3,0.549,1.64,5165.4,0.63,Credit Card,Electronics,2,1,1
CUST11792,599,6,1,0.199,7.46,3164.71,0.337,COD,Fashion,0,0,0
CUST11793,200,5,1,0.187,7.29,808.85,0.252,UPI,Footwear,0,0,0
CUST11794,1337,12,1,0.117,8.01,1051.44,0.065,Debit Card,Fashion,0,0,0
CUST11795,358,8,0,0.0,9.81,2171.48,0.38,Debit Card,Beauty,0,1,0
CUST11796,15,11,1,0.064,7.78,4286.78,0.401,COD,Fashion,0,0,0
CUST11797,648,7,0,0.056,5.41,203.1,0.399,Credit Card,Electronics,1,0,0
CUST11798,66,10,0,0.012,11.28,4219.25,0.414,COD,Home & Kitchen,0,0,0
CUST11799,623,3,1,0.226,3.45,3975.5,0.402,UPI,Fashion,0,0,0
CUST11800,138,6,1,0.143,7.25,4511.68,0.513,Credit Card,Electronics,0,0,0
CUST11801,11,9,1,0.148,2.66,2369.04,0.125,COD,Mobiles,0,1,0
CUST11802,37,9,1,0.069,7.43,2400.3,0.301,COD,Electronics,0,1,0
CUST11803,187,8,0,0.059,8.1,571.28,0.402,COD,Footwear,0,1,0
CUST11804,360,9,1,0.113,5.56,3258.74,0.384,COD,Home & Kitchen,0,0,0
CUST11805,1500,13,3,0.208,3.49,2666.92,0.442,COD,Fashion,1,0,0
CUST11806,33,8,2,0.208,7.68,737.88,0.063,Credit Card,Electronics,1,0,0
CUST11807,189,17,1,0.066,8.67,2940.51,0.121,COD,Fashion,0,1,0
CUST11808,183,9,0,0.012,14.78,752.88,0.113,COD,Fashion,1,0,0
CUST11809,369,8,0,0.044,3.19,1267.0,0.463,UPI,Fashion,0,0,0
CUST11810,44,7,1,0.121,3.44,280.17,0.316,Credit Card,Beauty,0,1,0
CUST11811,238,9,6,0.643,3.07,886.73,0.324,UPI,Fashion,0,1,1
CUST11812,202,6,1,0.167,7.43,2779.06,0.307,Debit Card,Fashion,0,0,0
CUST11813,67,7,1,0.152,5.83,2932.58,0.396,COD,Electronics,0,1,0
CUST11814,113,7,1,0.166,8.38,3663.92,0.363,Debit Card,Home & Kitchen,1,0,0
CUST11815,277,12,1,0.063,5.64,561.77,0.098,UPI,Fashion,0,0,0
CUST11816,744,4,2,0.395,1.52,3372.43,0.457,Debit Card,Books,0,1,1
CUST11817,189,11,2,0.215,6.35,4123.64,0.182,UPI,Fashion,0,0,0
CUST11818,63,9,0,0.038,8.14,1001.09,0.062,COD,Beauty,0,0,0
CUST11819,1135,9,1,0.118,7.64,3219.06,0.116,UPI,Fashion,0,1,0
CUST11820,434,6,1,0.144,4.89,1148.33,0.11,UPI,Fashion,0,0,0
CUST11821,280,14,1,0.068,4.64,1210.9,0.161,Credit Card,Fashion,0,1,0
CUST11822,549,8,1,0.064,6.77,3038.12,0.263,UPI,Home & Kitchen,0,0,0
CUST11823,621,7,1,0.099,9.78,2069.57,0.487,COD,Fashion,0,0,0
CUST11824,203,10,1,0.133,10.47,2941.07,0.157,Debit Card,Books,1,0,0
CUST11825,124,7,2,0.278,10.27,1649.61,0.611,Debit Card,Electronics,0,0,1
CUST11826,27,11,3,0.264,8.33,1841.83,0.253,Wallet,Electronics,0,1,1
CUST11827,105,10,1,0.115,12.88,2553.87,0.144,COD,Electronics,1,0,0
CUST11828,217,10,3,0.253,6.56,1263.44,0.147,Credit Card,Electronics,0,1,1
CUST11829,42,10,2,0.159,10.0,2053.16,0.421,COD,Fashion,0,0,0
CUST11830,241,16,7,0.418,2.25,1885.79,0.113,COD,Mobiles,1,0,1
CUST11831,66,10,1,0.133,10.55,741.52,0.268,UPI,Footwear,0,1,0
CUST11832,424,8,3,0.429,2.8,950.41,0.539,COD,Electronics,1,0,1
CUST11833,271,9,1,0.124,6.83,1333.25,0.365,Credit Card,Fashion,0,1,0
CUST11834,31,8,1,0.144,4.37,2297.34,0.349,Credit Card,Footwear,0,0,0
CUST11835,77,7,0,0.058,12.38,2872.07,0.346,Credit Card,Home & Kitchen,0,1,0
CUST11836,22,4,0,0.033,6.46,859.32,0.376,COD,Mobiles,0,0,0
CUST11837,978,8,0,0.054,10.39,1573.44,0.648,COD,Fashion,0,0,0
CUST11838,114,9,5,0.599,4.25,6373.25,0.487,UPI,Fashion,2,1,1
CUST11839,448,14,1,0.039,11.3,2723.55,0.108,Debit Card,Footwear,0,0,0
CUST11840,343,4,0,0.096,6.34,1450.74,0.349,Debit Card,Electronics,0,1,0
CUST11841,49,6,0,0.067,6.7,1596.14,0.163,COD,Beauty,0,0,0
CUST11842,39,5,3,0.616,2.68,2503.27,0.671,Debit Card,Electronics,2,0,1
CUST11843,835,13,2,0.184,6.7,582.31,0.18,UPI,Fashion,0,1,0
CUST11844,293,10,1,0.093,12.13,2691.11,0.553,Credit Card,Fashion,0,1,0
CUST11845,82,8,1,0.149,7.71,3309.97,0.204,Debit Card,Home & Kitchen,0,0,0
CUST11846,532,10,1,0.129,8.68,2594.03,0.204,Credit Card,Footwear,0,1,0
CUST11847,665,9,2,0.229,3.07,1890.83,0.159,Debit Card,Mobiles,0,0,0
CUST11848,26,10,1,0.066,6.68,2066.66,0.575,Wallet,Fashion,0,0,0
CUST11849,80,12,1,0.045,8.35,1065.28,0.407,Credit Card,Fashion,0,0,0
CUST11850,972,10,1,0.089,4.71,1460.96,0.721,COD,Electronics,0,0,0
CUST11851,82,11,1,0.094,11.23,852.04,0.384,UPI,Mobiles,1,1,0
CUST11852,495,9,1,0.098,5.62,1176.0,0.249,Credit Card,Footwear,0,0,0
CUST11853,571,9,1,0.133,10.25,186.01,0.089,COD,Mobiles,0,0,0
CUST11854,51,6,1,0.143,3.47,1025.17,0.095,Credit Card,Electronics,0,1,0
CUST11855,355,7,1,0.136,4.87,1872.24,0.124,UPI,Home & Kitchen,0,1,0
CUST11856,59,5,2,0.343,8.54,2470.2,0.371,UPI,Electronics,0,0,1
CUST11857,158,6,0,0.016,7.4,2002.48,0.168,COD,Fashion,1,0,0
CUST11858,150,12,0,0.025,12.18,1183.35,0.103,COD,Beauty,0,1,0
CUST11859,336,11,2,0.156,10.17,582.27,0.239,COD,Fashion,1,0,0
CUST11860,29,9,0,0.024,9.14,931.43,0.377,UPI,Mobiles,1,0,0
CUST11861,104,4,0,0.013,12.35,1051.46,0.395,Debit Card,Fashion,0,0,0
CUST11862,206,4,1,0.149,7.67,1219.97,0.283,COD,Mobiles,1,0,0
CUST11863,5,7,1,0.168,12.83,2743.26,0.304,COD,Electronics,0,0,0
CUST11864,81,4,0,0.079,12.31,3107.97,0.15,COD,Books,1,0,0
CUST11865,310,8,1,0.135,11.68,2344.23,0.686,COD,Home & Kitchen,2,1,0
CUST11866,38,8,1,0.106,7.43,1695.32,0.043,Wallet,Footwear,0,0,0
CUST11867,89,10,1,0.073,6.47,2566.31,0.132,UPI,Electronics,0,1,0
CUST11868,374,3,0,0.014,9.61,1053.77,0.232,COD,Fashion,0,0,0
CUST11869,198,13,1,0.08,8.0,888.14,0.047,Debit Card,Fashion,1,1,0
CUST11870,57,8,1,0.154,14.36,606.08,0.494,UPI,Home & Kitchen,1,0,0
CUST11871,15,8,1,0.115,15.32,4759.02,0.301,COD,Mobiles,0,0,0
CUST11872,41,8,2,0.189,3.46,1809.92,0.37,COD,Fashion,0,0,0
CUST11873,151,10,0,0.047,3.6,1168.38,0.377,Credit Card,Books,1,0,0
CUST11874,380,14,4,0.268,7.58,1581.89,0.342,COD,Fashion,2,0,1
CUST11875,184,9,2,0.221,3.11,1020.42,0.478,COD,Electronics,0,1,0
CUST11876,365,7,1,0.164,8.33,1753.67,0.5,COD,Fashion,0,0,0
CUST11877,481,9,1,0.095,6.98,3447.84,0.374,COD,Electronics,0,0,0
CUST11878,691,10,2,0.183,2.4,2476.81,0.099,Wallet,Home & Kitchen,0,0,0
CUST11879,98,8,1,0.162,3.14,2246.45,0.43,COD,Fashion,0,0,0
CUST11880,187,6,1,0.139,12.75,2131.24,0.126,Credit Card,Mobiles,0,0,0
CUST11881,8,5,1,0.185,8.46,484.33,0.092,UPI,Beauty,1,0,0
CUST11882,350,4,0,0.076,10.78,1555.09,0.067,UPI,Fashion,0,0,0
CUST11883,326,12,3,0.222,6.46,5072.08,0.324,Debit Card,Footwear,1,1,0
CUST11884,142,13,1,0.055,10.01,2201.41,0.403,Credit Card,Fashion,0,0,0
CUST11885,675,8,2,0.31,2.26,1292.67,0.227,UPI,Electronics,0,1,1
CUST11886,61,6,4,0.629,1.35,698.27,0.55,Credit Card,Fashion,1,0,1
CUST11887,53,13,1,0.047,5.51,2512.29,0.299,UPI,Fashion,0,1,0
CUST11888,53,14,1,0.079,6.44,1335.38,0.361,COD,Beauty,1,1,0
CUST11889,315,10,2,0.192,6.94,1412.12,0.193,UPI,Beauty,0,0,0
CUST11890,91,8,2,0.252,3.29,707.14,0.116,UPI,Fashion,0,1,1
CUST11891,64,7,1,0.166,0.5,5534.42,0.323,Debit Card,Home & Kitchen,0,0,0
CUST11892,955,9,1,0.108,5.23,3418.31,0.165,Credit Card,Home & Kitchen,0,0,0
CUST11893,785,9,1,0.069,7.64,3150.46,0.101,UPI,Footwear,0,0,0
CUST11894,110,10,1,0.097,10.88,3383.02,0.298,COD,Fashion,0,0,0
CUST11895,759,9,1,0.15,7.98,702.39,0.099,COD,Electronics,1,1,0
CUST11896,199,8,1,0.168,2.28,2911.85,0.241,Debit Card,Home & Kitchen,0,0,0
CUST11897,428,7,0,0.055,15.64,3305.8,0.215,UPI,Fashion,0,0,0
CUST11898,218,4,0,0.0,15.58,1370.19,0.059,COD,Beauty,0,0,0
CUST11899,84,11,2,0.224,5.69,2343.44,0.698,COD,Footwear,0,1,0
CUST11900,180,4,0,0.089,8.9,830.08,0.519,COD,Fashion,0,0,0
CUST11901,206,8,3,0.437,3.11,1996.07,0.713,COD,Electronics,1,1,1
CUST11902,189,8,1,0.126,5.76,1761.33,0.171,UPI,Footwear,0,0,0
CUST11903,931,5,2,0.442,4.84,1333.71,0.155,UPI,Fashion,0,1,1
CUST11904,89,4,0,0.124,2.93,1308.8,0.228,UPI,Fashion,0,1,0
CUST11905,161,7,2,0.254,5.39,4229.51,0.137,Credit Card,Fashion,0,0,1
CUST11906,150,7,1,0.19,4.27,1349.1,0.402,Credit Card,Electronics,0,0,0
CUST11907,17,11,3,0.228,8.65,2236.92,0.036,Credit Card,Fashion,0,0,0
CUST11908,732,8,2,0.229,6.86,1018.04,0.182,UPI,Home & Kitchen,0,0,0
CUST11909,46,1,0,0.161,7.74,1730.79,0.171,Credit Card,Mobiles,0,0,0
CUST11910,95,12,1,0.066,10.76,1415.59,0.171,UPI,Home & Kitchen,0,0,0
CUST11911,260,11,1,0.077,9.21,2783.19,0.231,Wallet,Mobiles,1,1,0
CUST11912,799,9,0,0.0,5.6,1418.85,0.243,Debit Card,Home & Kitchen,1,0,0
CUST11913,1175,11,1,0.075,13.04,2332.43,0.168,COD,Fashion,0,1,0
CUST11914,989,11,1,0.054,7.44,1438.85,0.079,COD,Mobiles,1,0,0
CUST11915,87,10,1,0.119,3.06,2843.55,0.315,Credit Card,Electronics,0,1,0
CUST11916,40,12,3,0.222,6.29,647.71,0.215,COD,Mobiles,0,0,0
CUST11917,960,6,3,0.546,2.95,1417.72,0.534,UPI,Home & Kitchen,0,1,1
CUST11918,564,5,1,0.207,0.5,2940.97,0.152,COD,Beauty,0,0,0
CUST11919,44,4,0,0.066,7.47,4660.31,0.365,Wallet,Electronics,0,1,0
CUST11920,256,12,1,0.063,15.52,1642.54,0.212,UPI,Fashion,0,0,0
CUST11921,393,7,1,0.125,6.47,2134.77,0.254,UPI,Mobiles,1,0,0
CUST11922,212,6,1,0.129,14.7,1121.97,0.327,COD,Fashion,0,0,0
CUST11923,707,12,1,0.114,3.52,3366.31,0.545,UPI,Home & Kitchen,0,0,0
CUST11924,95,3,1,0.301,8.4,2683.92,0.249,COD,Footwear,0,0,1
CUST11925,951,3,0,0.126,7.25,2231.42,0.293,COD,Fashion,0,0,0
CUST11926,1124,3,0,0.125,3.74,2295.54,0.128,COD,Fashion,1,1,0
CUST11927,18,9,3,0.384,2.69,511.09,0.763,COD,Books,2,1,1
CUST11928,512,5,3,0.586,0.71,3408.38,0.594,COD,Books,0,1,1
CUST11929,563,4,1,0.352,9.44,1777.49,0.305,Debit Card,Electronics,1,1,1
CUST11930,223,10,2,0.185,16.45,2650.53,0.623,COD,Electronics,0,1,0
CUST11931,473,13,0,0.037,8.84,1065.18,0.357,Debit Card,Fashion,2,0,0
CUST11932,10,8,1,0.112,4.35,926.01,0.269,Debit Card,Fashion,0,0,0
CUST11933,1208,6,1,0.13,10.02,2979.99,0.336,Credit Card,Beauty,0,0,0
CUST11934,153,5,1,0.158,6.59,3430.73,0.365,Credit Card,Electronics,1,0,0
CUST11935,144,9,1,0.112,11.19,645.08,0.265,Debit Card,Electronics,0,1,0
CUST11936,135,7,0,0.039,9.4,1404.85,0.069,COD,Electronics,0,1,0
CUST11937,654,4,0,0.0,6.29,1338.54,0.398,Debit Card,Beauty,1,0,0
CUST11938,985,12,2,0.184,6.66,3245.91,0.291,Debit Card,Books,0,0,0
CUST11939,1434,8,2,0.276,1.98,3977.45,0.386,Credit Card,Fashion,0,0,1
CUST11940,164,11,1,0.098,5.79,1417.92,0.215,Credit Card,Fashion,0,0,0
CUST11941,390,10,1,0.086,8.61,2915.69,0.249,UPI,Electronics,0,0,0
CUST11942,418,6,1,0.146,6.39,118.69,0.244,Credit Card,Fashion,1,0,0
CUST11943,456,7,1,0.075,5.99,3195.14,0.072,UPI,Fashion,0,1,0
CUST11944,236,10,2,0.185,5.33,3405.11,0.22,UPI,Fashion,0,0,0
CUST11945,14,6,0,0.07,7.17,864.0,0.014,COD,Footwear,0,0,0
CUST11946,315,4,1,0.196,4.65,1033.09,0.375,COD,Fashion,0,1,0
CUST11947,153,8,2,0.281,4.79,3259.08,0.306,Debit Card,Home & Kitchen,1,0,1
CUST11948,22,9,1,0.069,7.55,909.69,0.464,UPI,Fashion,0,0,0
CUST11949,114,7,5,0.679,1.66,476.58,0.639,UPI,Home & Kitchen,0,1,1
CUST11950,145,3,0,0.035,9.91,821.05,0.113,COD,Mobiles,0,1,0
CUST11951,126,11,2,0.138,4.6,655.36,0.141,Credit Card,Electronics,0,0,0
CUST11952,258,7,0,0.013,10.37,1829.84,0.265,UPI,Home & Kitchen,0,1,0
CUST11953,45,6,1,0.205,16.02,2745.93,0.407,UPI,Home & Kitchen,0,0,0
CUST11954,477,8,2,0.275,0.5,1070.58,0.294,Wallet,Electronics,1,0,1
CUST11955,257,1,0,0.088,4.43,711.87,0.381,COD,Fashion,1,0,0
CUST11956,203,9,1,0.146,7.28,941.48,0.098,UPI,Beauty,1,1,0
CUST11957,97,5,0,0.049,8.29,1322.36,0.387,UPI,Beauty,0,1,0
CUST11958,730,14,1,0.036,7.77,2485.51,0.338,UPI,Fashion,2,0,0
CUST11959,27,8,1,0.087,10.48,3914.08,0.18,Credit Card,Electronics,1,0,0
CUST11960,50,7,0,0.002,6.99,280.84,0.209,Credit Card,Mobiles,0,0,0
CUST11961,128,12,1,0.056,10.26,1070.56,0.355,COD,Fashion,0,0,0
CUST11962,725,9,1,0.148,3.61,607.04,0.19,COD,Footwear,0,0,0
CUST11963,365,8,3,0.43,1.85,1716.39,0.434,Credit Card,Beauty,0,0,1
CUST11964,57,7,2,0.303,6.62,895.93,0.406,Debit Card,Beauty,1,1,1
CUST11965,55,12,1,0.088,7.42,1725.07,0.364,UPI,Electronics,1,0,0
CUST11966,19,5,0,0.096,9.66,1709.37,0.608,Wallet,Electronics,0,0,0
CUST11967,68,9,2,0.198,5.4,3913.56,0.465,UPI,Footwear,0,0,0
CUST11968,394,12,1,0.064,6.31,1077.88,0.495,Debit Card,Electronics,0,0,0
CUST11969,103,5,2,0.389,3.63,3051.79,0.586,Credit Card,Fashion,0,1,1
CUST11970,605,8,1,0.095,9.53,1691.04,0.103,Debit Card,Electronics,0,1,0
CUST11971,124,8,4,0.477,0.96,3481.87,0.645,UPI,Fashion,1,0,1
CUST11972,93,11,2,0.151,3.8,501.64,0.234,COD,Mobiles,1,0,0
CUST11973,1420,7,0,0.041,11.26,378.64,0.138,Credit Card,Home & Kitchen,1,1,0
CUST11974,117,8,1,0.074,10.41,313.28,0.655,COD,Electronics,0,0,0
CUST11975,430,5,0,0.051,13.1,3480.88,0.582,COD,Fashion,0,0,0
CUST11976,129,6,1,0.146,9.12,1521.36,0.138,UPI,Fashion,0,0,0
CUST11977,5,7,1,0.173,8.18,3475.12,0.273,Credit Card,Fashion,0,0,0
CUST11978,224,3,0,0.033,13.08,2435.84,0.481,Debit Card,Books,1,0,0
CUST11979,120,7,1,0.161,8.97,297.3,0.493,Credit Card,Fashion,0,1,0
CUST11980,322,6,0,0.067,9.85,3598.72,0.405,COD,Mobiles,0,0,0
CUST11981,40,6,2,0.308,4.84,1639.42,0.197,Debit Card,Footwear,0,0,1
CUST11982,75,10,2,0.208,5.6,2380.32,0.03,Credit Card,Fashion,0,0,0
CUST11983,27,8,2,0.217,12.3,1532.63,0.104,Credit Card,Footwear,0,1,0
CUST11984,201,6,1,0.117,8.08,754.08,0.237,COD,Home & Kitchen,0,0,0
CUST11985,102,8,3,0.375,6.7,5003.69,0.203,Credit Card,Home & Kitchen,0,0,1
CUST11986,401,11,3,0.255,3.33,2111.13,0.387,COD,Fashion,0,0,1
CUST11987,281,7,2,0.264,9.17,3329.06,0.332,UPI,Beauty,2,0,1
CUST11988,150,8,1,0.171,7.4,3347.69,0.236,COD,Fashion,0,0,0
CUST11989,282,8,0,0.058,9.68,1217.12,0.402,COD,Electronics,0,0,0
CUST11990,45,11,2,0.19,6.05,4090.84,0.148,UPI,Beauty,0,0,0
CUST11991,110,11,2,0.212,3.87,2016.03,0.064,Debit Card,Mobiles,0,0,0
CUST11992,47,12,1,0.096,7.55,4025.63,0.07,COD,Fashion,0,0,0
CUST11993,363,7,0,0.045,11.06,2517.16,0.579,Credit Card,Beauty,0,0,0
CUST11994,782,13,1,0.104,10.66,2019.44,0.314,Credit Card,Home & Kitchen,1,0,0
CUST11995,265,9,1,0.057,9.4,1400.9,0.081,COD,Beauty,0,0,0
CUST11996,359,6,3,0.501,2.47,915.62,0.251,Wallet,Home & Kitchen,0,1,1
CUST11997,141,8,1,0.089,6.94,1303.43,0.604,COD,Fashion,0,0,0
CUST11998,258,5,0,0.063,5.17,2203.31,0.202,UPI,Electronics,0,0,0
CUST11999,131,8,2,0.303,2.05,3587.33,0.4,Credit Card,Books,0,0,1
CUST12000,119,5,0,0.096,13.42,1808.24,0.26,Credit Card,Fashion,0,0,0
CUST12001,209,10,3,0.304,8.05,2029.39,0.273,UPI,Home & Kitchen,0,0,1
CUST12002,460,8,6,0.812,1.22,3264.25,0.333,COD,Footwear,0,1,1
CUST12003,368,6,2,0.256,4.51,2358.46,0.073,COD,Home & Kitchen,0,1,1
CUST12004,26,6,1,0.194,6.59,1605.59,0.084,Credit Card,Mobiles,0,1,0
CUST12005,288,8,1,0.141,8.84,3935.97,0.177,UPI,Electronics,1,0,0
CUST12006,427,5,3,0.518,1.29,1424.25,0.547,COD,Mobiles,2,0,1
CUST12007,43,8,1,0.175,4.23,2852.64,0.016,COD,Fashion,0,1,0
CUST12008,12,12,1,0.042,8.55,2934.78,0.402,Wallet,Fashion,0,1,0
CUST12009,518,7,0,0.017,4.45,606.8,0.306,UPI,Fashion,0,0,0
CUST12010,351,11,1,0.063,6.87,452.93,0.309,COD,Electronics,1,0,0
CUST12011,569,8,5,0.642,1.54,3429.79,0.533,COD,Fashion,1,0,1
CUST12012,200,15,3,0.183,4.65,1752.97,0.12,Debit Card,Home & Kitchen,1,0,0
CUST12013,354,10,0,0.0,11.97,4591.09,0.375,Credit Card,Footwear,1,1,0
CUST12014,45,7,1,0.089,7.34,1196.39,0.566,COD,Home & Kitchen,1,0,0
CUST12015,421,10,6,0.648,2.51,5503.74,0.843,COD,Electronics,1,1,1
CUST12016,118,10,3,0.331,4.68,1643.0,0.343,Credit Card,Fashion,0,0,1
CUST12017,22,6,5,0.901,2.56,1816.26,0.461,Debit Card,Fashion,1,1,1
CUST12018,8,11,1,0.122,2.48,1687.14,0.693,UPI,Fashion,0,0,0
CUST12019,393,7,0,0.03,11.52,768.8,0.105,COD,Fashion,0,1,0
CUST12020,279,8,1,0.138,16.34,4531.33,0.315,Credit Card,Beauty,0,0,0
CUST12021,410,11,1,0.094,7.38,4325.33,0.397,Wallet,Electronics,0,0,0
CUST12022,38,11,2,0.193,4.17,603.72,0.427,Debit Card,Electronics,0,0,0
CUST12023,366,8,2,0.299,7.79,1188.4,0.146,Credit Card,Electronics,0,1,1
CUST12024,32,9,0,0.041,9.47,3094.25,0.198,Wallet,Mobiles,1,1,0
CUST12025,429,7,3,0.493,2.15,1110.64,0.945,COD,Home & Kitchen,1,0,1
CUST12026,338,8,2,0.243,6.45,1336.68,0.226,UPI,Home & Kitchen,0,0,1
CUST12027,280,4,0,0.085,3.66,1586.92,0.269,Debit Card,Fashion,0,0,0
CUST12028,1245,9,1,0.095,5.46,4265.83,0.457,COD,Fashion,0,1,0
CUST12029,175,7,1,0.142,5.83,1205.26,0.196,Debit Card,Beauty,1,0,0
CUST12030,606,9,1,0.164,4.24,1561.11,0.163,COD,Mobiles,0,0,0
CUST12031,636,10,5,0.452,3.14,337.46,0.718,COD,Home & Kitchen,1,0,1
CUST12032,305,12,0,0.041,9.63,1727.62,0.586,UPI,Mobiles,0,1,0
CUST12033,346,8,1,0.127,6.36,3382.59,0.162,Wallet,Fashion,0,0,0
CUST12034,35,6,2,0.314,5.79,1173.53,0.225,Credit Card,Fashion,0,0,1
CUST12035,1175,7,0,0.066,8.21,1752.4,0.359,Debit Card,Home & Kitchen,0,1,0
CUST12036,213,10,1,0.081,8.84,1792.65,0.401,COD,Fashion,0,1,0
CUST12037,35,8,1,0.12,6.22,697.2,0.448,COD,Beauty,0,0,0
CUST12038,121,4,1,0.153,8.95,377.42,0.395,Debit Card,Electronics,0,1,0
CUST12039,188,5,1,0.134,11.44,2082.56,0.078,COD,Beauty,0,0,0
CUST12040,52,8,1,0.094,8.93,1520.34,0.274,Debit Card,Home & Kitchen,0,1,0
CUST12041,259,4,0,0.097,11.67,838.87,0.49,UPI,Beauty,0,0,0
CUST12042,39,16,1,0.053,9.64,3057.91,0.158,UPI,Footwear,0,1,0
CUST12043,792,8,1,0.067,4.35,3061.83,0.175,Credit Card,Fashion,1,0,0
CUST12044,487,9,1,0.083,11.27,2124.76,0.244,Credit Card,Mobiles,0,0,0
CUST12045,38,7,1,0.213,8.3,1813.85,0.311,Debit Card,Fashion,0,0,0
CUST12046,359,6,1,0.146,11.9,1391.87,0.056,COD,Mobiles,0,1,0
CUST12047,13,8,4,0.484,3.23,1251.75,0.709,Wallet,Home & Kitchen,0,0,1
CUST12048,318,14,3,0.205,7.76,994.22,0.127,UPI,Fashion,0,1,0
CUST12049,320,6,1,0.182,8.93,2892.84,0.06,COD,Fashion,0,1,0
CUST12050,216,11,1,0.133,7.14,3244.0,0.582,COD,Fashion,0,1,0
CUST12051,608,6,1,0.149,8.87,1902.44,0.261,Credit Card,Beauty,1,1,0
CUST12052,40,7,2,0.223,8.97,1400.14,0.172,Credit Card,Books,0,1,0
CUST12053,110,7,0,0.027,6.55,1225.27,0.353,COD,Fashion,0,0,0
CUST12054,70,11,1,0.049,8.21,1605.82,0.14,Credit Card,Beauty,0,0,0
CUST12055,242,5,0,0.012,13.32,1985.3,0.332,Credit Card,Footwear,0,0,0
CUST12056,707,4,1,0.17,12.97,3157.72,0.322,COD,Fashion,1,0,0
CUST12057,78,4,1,0.162,8.13,7285.1,0.364,COD,Books,0,1,0
CUST12058,343,9,2,0.172,2.84,488.64,0.146,Credit Card,Books,0,1,0
CUST12059,15,10,1,0.138,10.5,428.02,0.071,COD,Fashion,0,0,0
CUST12060,47,11,2,0.157,0.5,4228.67,0.278,COD,Footwear,0,0,0
CUST12061,214,10,3,0.263,2.35,1748.73,0.154,Credit Card,Fashion,0,0,1
CUST12062,263,9,2,0.223,5.99,1857.39,0.157,Credit Card,Fashion,0,0,0
CUST12063,55,7,2,0.316,8.63,713.83,0.588,COD,Footwear,1,1,1
CUST12064,607,8,1,0.148,11.85,1709.84,0.359,UPI,Mobiles,0,0,0
CUST12065,345,12,3,0.233,5.74,3215.07,0.418,Credit Card,Home & Kitchen,0,0,1
CUST12066,751,4,0,0.062,8.37,1683.5,0.074,Debit Card,Beauty,0,1,0
CUST12067,157,7,1,0.112,10.93,1194.05,0.145,UPI,Beauty,0,0,0
CUST12068,8,16,1,0.074,6.18,889.38,0.313,Credit Card,Mobiles,0,0,0
CUST12069,101,11,1,0.13,8.7,1009.61,0.449,COD,Home & Kitchen,0,0,0
CUST12070,269,9,1,0.12,9.95,854.19,0.29,Debit Card,Beauty,1,0,0
CUST12071,422,4,0,0.025,5.82,625.07,0.521,UPI,Footwear,1,0,0
CUST12072,368,4,1,0.288,2.78,798.94,0.257,Debit Card,Footwear,1,0,1
CUST12073,793,13,0,0.017,10.5,1377.4,0.434,UPI,Footwear,0,1,0
CUST12074,469,6,1,0.184,9.64,3444.63,0.112,Debit Card,Fashion,0,0,0
CUST12075,643,5,3,0.556,2.42,3035.26,0.31,COD,Mobiles,1,0,1
CUST12076,608,10,0,0.028,7.95,1027.04,0.293,Wallet,Fashion,0,1,0
CUST12077,123,10,1,0.132,4.9,1111.57,0.062,Credit Card,Beauty,0,1,0
CUST12078,100,13,2,0.159,12.2,3659.42,0.079,UPI,Fashion,1,0,0
CUST12079,683,2,0,0.162,10.31,2775.57,0.25,Credit Card,Fashion,1,0,0
CUST12080,691,10,3,0.262,7.52,517.09,0.279,COD,Home & Kitchen,0,1,1
CUST12081,470,13,2,0.129,8.41,3315.92,0.238,COD,Mobiles,0,0,0
CUST12082,239,9,3,0.279,7.16,1376.98,0.23,Debit Card,Mobiles,1,1,1
CUST12083,175,5,1,0.123,4.99,1971.77,0.077,Wallet,Fashion,0,1,0
CUST12084,505,8,1,0.1,10.49,3367.66,0.277,COD,Fashion,0,1,0
CUST12085,218,10,1,0.14,2.53,1988.5,0.203,COD,Fashion,2,1,0
CUST12086,25,6,0,0.041,13.01,1529.11,0.133,Credit Card,Books,0,0,0
CUST12087,132,4,0,0.097,12.17,3815.16,0.147,COD,Mobiles,0,0,0
CUST12088,579,9,1,0.064,3.59,1786.53,0.386,Credit Card,Footwear,0,1,0
CUST12089,82,8,1,0.122,12.3,1524.41,0.101,Credit Card,Beauty,2,0,0
CUST12090,403,8,1,0.162,8.15,1676.81,0.224,Debit Card,Electronics,0,0,0
CUST12091,17,3,0,0.039,3.6,902.03,0.265,Debit Card,Fashion,0,0,0
CUST12092,224,16,1,0.076,7.0,1116.62,0.441,COD,Mobiles,0,0,0
CUST12093,481,8,1,0.109,11.71,1201.74,0.272,UPI,Electronics,0,0,0
CUST12094,106,8,1,0.133,8.39,2799.05,0.06,Wallet,Footwear,1,0,0
CUST12095,502,11,0,0.02,5.83,1300.97,0.595,COD,Fashion,0,0,0
CUST12096,264,5,0,0.075,13.66,4211.35,0.44,UPI,Fashion,0,0,0
CUST12097,177,9,0,0.051,2.22,2742.45,0.406,Credit Card,Fashion,0,0,0
CUST12098,612,10,2,0.204,8.29,937.39,0.287,Wallet,Electronics,0,1,0
CUST12099,208,8,1,0.075,12.04,3181.15,0.314,Debit Card,Mobiles,1,0,0
CUST12100,6,7,2,0.341,2.42,3236.89,0.104,UPI,Home & Kitchen,1,0,1
CUST12101,22,10,2,0.242,4.46,1762.6,0.366,COD,Mobiles,0,0,1
CUST12102,233,4,0,0.067,8.24,373.92,0.51,UPI,Footwear,0,1,0
CUST12103,578,7,1,0.128,14.07,1883.44,0.468,COD,Electronics,0,0,0
CUST12104,413,13,2,0.18,5.08,2500.95,0.811,Debit Card,Beauty,0,1,0
CUST12105,82,8,1,0.092,11.77,1294.24,0.439,COD,Footwear,0,0,0
CUST12106,18,6,2,0.252,4.15,5664.18,0.045,UPI,Beauty,0,1,1
CUST12107,42,10,1,0.082,9.12,871.4,0.408,COD,Footwear,0,0,0
CUST12108,5,7,1,0.095,5.26,1618.97,0.081,Debit Card,Electronics,1,0,0
CUST12109,562,5,1,0.267,4.73,787.17,0.579,Debit Card,Electronics,0,1,1
CUST12110,234,9,0,0.038,4.09,934.21,0.234,COD,Beauty,0,0,0
CUST12111,426,9,3,0.336,8.89,2023.62,0.441,UPI,Fashion,0,0,1
CUST12112,54,7,1,0.187,3.37,196.37,0.1,Debit Card,Electronics,1,0,0
CUST12113,228,12,1,0.094,10.99,3914.74,0.166,COD,Fashion,0,1,0
CUST12114,678,7,0,0.049,10.54,1844.07,0.183,UPI,Beauty,2,0,0
CUST12115,37,7,1,0.095,10.2,2295.98,0.721,UPI,Fashion,1,0,0
CUST12116,395,15,1,0.059,7.7,2503.09,0.31,COD,Footwear,0,0,0
CUST12117,149,9,0,0.039,6.16,3152.41,0.061,UPI,Footwear,0,0,0
CUST12118,275,8,4,0.456,3.28,1105.06,0.593,Debit Card,Fashion,0,0,1
CUST12119,73,10,1,0.143,6.41,697.77,0.461,COD,Fashion,2,0,0
CUST12120,298,8,2,0.254,8.12,2484.45,0.478,Credit Card,Beauty,0,1,1
CUST12121,747,6,0,0.071,12.71,4141.83,0.047,COD,Home & Kitchen,0,0,0
CUST12122,176,6,1,0.209,4.98,4392.04,0.115,Credit Card,Fashion,0,0,0
CUST12123,45,11,3,0.268,7.21,1814.11,0.164,COD,Beauty,1,1,1
CUST12124,26,1,0,0.204,5.72,1066.57,0.473,Credit Card,Home & Kitchen,1,0,0
CUST12125,238,11,3,0.291,3.01,1609.46,0.368,COD,Footwear,0,0,1
CUST12126,65,5,0,0.094,10.71,2732.42,0.131,COD,Beauty,1,1,0
CUST12127,169,11,0,0.045,10.44,518.1,0.463,COD,Home & Kitchen,0,0,0
CUST12128,188,6,0,0.0,10.92,2413.26,0.29,UPI,Footwear,0,1,0
CUST12129,476,4,2,0.616,0.83,491.67,0.853,UPI,Beauty,1,1,1
CUST12130,159,8,0,0.026,9.46,54.96,0.409,Debit Card,Home & Kitchen,0,1,0
CUST12131,458,8,2,0.309,4.08,3642.94,0.152,Debit Card,Footwear,0,0,1
CUST12132,462,9,1,0.078,6.74,1480.3,0.417,Debit Card,Home & Kitchen,0,0,0
CUST12133,59,6,2,0.307,7.6,1005.68,0.565,COD,Electronics,0,0,1
CUST12134,7,11,4,0.357,6.15,3959.07,0.539,COD,Beauty,1,1,1
CUST12135,36,10,6,0.612,2.71,383.32,0.388,Credit Card,Fashion,0,1,1
CUST12136,366,7,1,0.186,10.37,1631.11,0.665,Debit Card,Footwear,0,0,0
CUST12137,156,6,2,0.317,10.96,1760.19,0.323,COD,Footwear,0,1,1
CUST12138,1253,9,0,0.001,8.47,2244.29,0.598,Debit Card,Fashion,1,0,0
CUST12139,268,8,0,0.048,8.3,986.18,0.333,Debit Card,Mobiles,1,0,0
CUST12140,207,7,0,0.033,10.51,2923.19,0.198,Debit Card,Footwear,0,0,0
CUST12141,7,8,1,0.173,10.76,3217.42,0.108,Debit Card,Fashion,0,1,0
CUST12142,286,5,0,0.011,6.1,385.56,0.061,UPI,Home & Kitchen,0,1,0
CUST12143,213,10,4,0.416,0.88,3391.96,0.665,UPI,Home & Kitchen,0,0,1
CUST12144,313,9,1,0.146,15.43,1817.06,0.532,UPI,Electronics,0,1,0
CUST12145,77,7,1,0.155,6.61,1700.7,0.091,COD,Fashion,0,1,0
CUST12146,16,14,1,0.085,4.06,1534.84,0.421,Wallet,Electronics,0,0,0
CUST12147,1002,7,2,0.27,7.29,710.25,0.147,COD,Beauty,1,0,1
CUST12148,169,8,0,0.0,12.3,2351.18,0.304,UPI,Home & Kitchen,0,0,0
CUST12149,578,7,1,0.152,9.16,2287.52,0.409,COD,Footwear,1,1,0
CUST12150,48,10,2,0.154,6.0,1688.66,0.03,COD,Fashion,0,0,0
CUST12151,132,7,1,0.133,4.38,1843.94,0.365,Credit Card,Electronics,1,0,0
CUST12152,292,8,0,0.039,0.64,643.85,0.291,COD,Footwear,0,0,0
CUST12153,65,9,1,0.096,7.8,615.71,0.269,UPI,Home & Kitchen,0,0,0
CUST12154,184,7,3,0.474,2.8,1013.25,0.796,COD,Fashion,2,1,1
CUST12155,1340,7,0,0.003,7.3,4121.23,0.257,Debit Card,Beauty,0,0,0
CUST12156,93,6,4,0.599,1.14,872.62,0.858,Credit Card,Electronics,0,0,1
CUST12157,483,7,1,0.122,7.17,1305.59,0.068,Credit Card,Beauty,2,0,0
CUST12158,366,7,1,0.111,3.94,4707.55,0.511,Credit Card,Books,1,0,0
CUST12159,164,2,0,0.211,3.62,770.23,0.568,UPI,Beauty,1,0,0
CUST12160,250,8,1,0.071,7.63,1039.64,0.078,Wallet,Home & Kitchen,1,0,0
CUST12161,173,11,0,0.01,10.4,1015.29,0.163,UPI,Beauty,0,1,0
CUST12162,454,6,1,0.122,8.98,2301.63,0.355,Wallet,Fashion,0,1,0
CUST12163,16,11,1,0.13,11.47,1524.35,0.088,UPI,Mobiles,1,1,0
CUST12164,267,3,0,0.001,7.86,1595.3,0.165,COD,Electronics,0,0,0
CUST12165,552,10,5,0.46,0.5,1655.39,0.579,COD,Fashion,0,0,1
CUST12166,166,10,2,0.175,9.02,664.77,0.204,UPI,Electronics,0,1,0
CUST12167,113,5,1,0.221,8.47,1488.22,0.39,COD,Electronics,0,1,0
CUST12168,212,7,0,0.03,15.08,2236.92,0.166,Debit Card,Fashion,0,0,0
CUST12169,335,6,0,0.011,6.51,1779.98,0.252,UPI,Fashion,0,0,0
CUST12170,625,3,0,0.074,0.83,1516.34,0.7,UPI,Fashion,0,1,0
CUST12171,64,9,1,0.124,9.63,3892.22,0.351,Credit Card,Beauty,0,1,0
CUST12172,504,11,2,0.177,3.51,5154.42,0.425,Debit Card,Fashion,0,0,0
CUST12173,227,6,1,0.193,7.26,2489.18,0.298,Debit Card,Beauty,0,0,0
CUST12174,102,9,1,0.104,7.32,718.24,0.112,COD,Fashion,0,0,0
CUST12175,544,8,5,0.572,1.09,2530.08,0.756,Debit Card,Home & Kitchen,1,1,1
CUST12176,74,4,1,0.211,4.11,4047.94,0.164,COD,Electronics,0,0,0
CUST12177,109,18,1,0.044,9.23,2798.6,0.21,Debit Card,Fashion,0,0,0
CUST12178,597,5,1,0.198,7.28,1044.76,0.565,UPI,Footwear,1,0,0
CUST12179,743,8,1,0.123,13.47,175.89,0.752,COD,Fashion,0,1,0
CUST12180,617,7,0,0.023,7.23,2089.14,0.277,UPI,Footwear,0,0,0
CUST12181,559,3,0,0.0,6.73,1436.9,0.067,COD,Books,0,1,0
CUST12182,1040,14,13,0.941,4.52,1744.42,0.384,Debit Card,Mobiles,1,1,1
CUST12183,124,6,0,0.017,8.82,1923.2,0.032,UPI,Footwear,0,0,0
CUST12184,161,12,7,0.581,0.5,990.9,0.616,Credit Card,Mobiles,2,1,1
CUST12185,14,5,1,0.257,7.72,2100.14,0.09,Wallet,Electronics,0,1,1
CUST12186,396,14,3,0.181,10.79,2711.4,0.413,COD,Footwear,0,0,0
CUST12187,292,13,4,0.286,6.79,3474.49,0.059,UPI,Footwear,1,1,1
CUST12188,381,6,4,0.654,0.87,211.61,0.235,Debit Card,Beauty,2,1,1
CUST12189,107,3,0,0.056,5.43,894.07,0.148,Debit Card,Fashion,0,0,0
CUST12190,190,5,1,0.174,3.77,879.21,0.244,UPI,Home & Kitchen,0,0,0
CUST12191,756,7,0,0.052,3.8,1859.76,0.255,Debit Card,Footwear,0,1,0
CUST12192,125,10,2,0.169,2.11,446.8,0.312,COD,Fashion,0,0,0
CUST12193,156,7,2,0.306,10.86,3632.98,0.325,COD,Home & Kitchen,1,0,1
CUST12194,80,4,0,0.067,7.25,2716.97,0.433,UPI,Footwear,0,0,0
CUST12195,9,5,1,0.167,7.25,879.93,0.51,COD,Electronics,0,0,0
CUST12196,193,3,0,0.135,8.9,1606.75,0.456,UPI,Footwear,1,0,0
CUST12197,37,9,2,0.24,8.99,527.73,0.537,Credit Card,Footwear,0,0,1
CUST12198,573,3,1,0.355,5.89,3297.96,0.279,Debit Card,Footwear,0,0,1
CUST12199,259,6,0,0.083,10.38,3037.02,0.134,UPI,Fashion,0,0,0
CUST12200,353,5,0,0.059,9.79,3206.02,0.215,UPI,Beauty,2,0,0
CUST12201,344,8,1,0.164,3.61,2300.28,0.216,COD,Fashion,1,0,0
CUST12202,94,9,1,0.11,18.58,1013.88,0.512,Debit Card,Beauty,0,0,0
CUST12203,634,9,1,0.084,6.16,6502.96,0.165,Debit Card,Fashion,0,0,0
CUST12204,658,3,2,0.648,3.27,2706.94,0.594,Debit Card,Mobiles,1,1,1
CUST12205,25,2,1,0.29,4.67,3249.4,0.313,COD,Electronics,0,1,1
CUST12206,639,5,1,0.175,9.8,3826.22,0.564,Credit Card,Home & Kitchen,0,0,0
CUST12207,242,6,0,0.0,9.74,678.24,0.185,Wallet,Books,0,1,0
CUST12208,826,6,3,0.508,2.98,812.37,0.705,Wallet,Electronics,0,0,1
CUST12209,290,8,5,0.61,3.22,1945.53,0.487,Debit Card,Footwear,2,1,1
CUST12210,290,8,3,0.36,5.12,677.79,0.216,COD,Electronics,0,1,1
CUST12211,506,9,4,0.399,7.4,1879.3,0.35,COD,Home & Kitchen,0,0,1
CUST12212,451,7,0,0.035,18.4,4967.24,0.355,UPI,Footwear,0,0,0
CUST12213,59,9,0,0.017,6.57,4744.44,0.527,UPI,Fashion,0,0,0
CUST12214,327,10,1,0.055,15.96,739.8,0.556,Credit Card,Home & Kitchen,0,0,0
CUST12215,81,11,0,0.013,13.32,3252.37,0.063,UPI,Fashion,0,1,0
CUST12216,146,1,0,0.219,13.85,1037.64,0.157,Debit Card,Fashion,0,1,0
CUST12217,117,10,1,0.08,12.13,1380.99,0.136,Debit Card,Beauty,0,0,0
CUST12218,603,7,1,0.085,6.49,2938.05,0.335,COD,Fashion,2,0,0
CUST12219,411,4,1,0.282,7.68,1580.9,0.325,Debit Card,Beauty,0,0,1
CUST12220,376,9,1,0.138,10.36,1507.48,0.303,UPI,Fashion,1,0,0
CUST12221,212,9,1,0.16,2.2,2124.18,0.055,Debit Card,Home & Kitchen,1,0,0
CUST12222,462,11,9,0.819,1.97,1207.3,0.843,COD,Fashion,0,1,1
CUST12223,902,6,0,0.0,10.1,2301.26,0.186,Credit Card,Home & Kitchen,0,1,0
CUST12224,319,4,1,0.26,1.95,7261.64,0.297,UPI,Mobiles,0,1,1
CUST12225,670,7,1,0.115,7.87,7301.3,0.202,COD,Electronics,0,0,0
CUST12226,268,10,1,0.079,6.35,1547.78,0.566,UPI,Fashion,0,1,0
CUST12227,115,12,1,0.117,11.58,2527.02,0.019,UPI,Footwear,0,0,0
CUST12228,142,14,1,0.092,11.96,733.93,0.483,UPI,Electronics,0,0,0
CUST12229,290,5,0,0.0,7.12,1522.26,0.134,UPI,Electronics,0,0,0
CUST12230,1013,8,1,0.153,15.47,1777.73,0.077,Credit Card,Beauty,0,1,0
CUST12231,149,12,2,0.14,8.87,1174.7,0.071,Credit Card,Beauty,0,0,0
CUST12232,70,8,0,0.056,11.19,997.19,0.337,Credit Card,Fashion,1,0,0
CUST12233,38,8,2,0.242,7.53,1778.93,0.516,COD,Footwear,0,0,1
CUST12234,309,4,1,0.168,14.11,2635.57,0.345,Credit Card,Home & Kitchen,0,0,0
CUST12235,176,10,1,0.088,6.58,2629.32,0.658,Wallet,Fashion,1,1,0
CUST12236,55,9,2,0.2,7.31,1819.49,0.595,UPI,Home & Kitchen,0,0,0
CUST12237,333,11,0,0.0,6.81,1404.64,0.136,UPI,Fashion,0,1,0
CUST12238,533,7,1,0.104,14.45,4403.06,0.07,UPI,Fashion,0,0,0
CUST12239,277,14,2,0.112,13.41,4068.21,0.26,COD,Fashion,0,1,0
CUST12240,193,5,0,0.024,12.74,888.48,0.152,Wallet,Beauty,0,0,0
CUST12241,335,8,1,0.122,13.78,209.96,0.453,Debit Card,Fashion,0,0,0
CUST12242,584,11,3,0.268,5.62,1119.99,0.315,Debit Card,Footwear,0,0,1
CUST12243,114,8,1,0.177,5.7,2757.36,0.243,COD,Home & Kitchen,1,0,0
CUST12244,1143,6,3,0.478,4.59,3059.23,0.059,UPI,Electronics,1,1,1
CUST12245,529,8,3,0.437,4.6,1941.88,0.469,Debit Card,Fashion,0,0,1
CUST12246,164,8,0,0.051,10.64,1909.33,0.496,COD,Books,0,0,0
CUST12247,1202,14,9,0.639,2.58,1537.29,0.381,COD,Fashion,0,1,1
CUST12248,591,10,1,0.075,15.39,1198.55,0.263,COD,Fashion,0,0,0
CUST12249,41,9,1,0.094,15.21,1419.75,0.241,Debit Card,Fashion,0,0,0
CUST12250,380,8,1,0.104,6.2,1329.13,0.286,UPI,Beauty,1,0,0
CUST12251,131,5,1,0.149,9.38,2644.2,0.171,Credit Card,Fashion,0,0,0
CUST12252,88,4,1,0.128,12.58,2767.42,0.181,Credit Card,Beauty,0,1,0
CUST12253,164,10,1,0.148,4.19,1427.96,0.279,UPI,Mobiles,0,0,0
CUST12254,331,9,3,0.308,2.45,2603.16,0.223,Debit Card,Beauty,0,0,1
CUST12255,205,5,1,0.163,7.72,4063.78,0.162,Credit Card,Mobiles,0,0,0
CUST12256,468,5,1,0.249,4.76,1394.0,0.263,Credit Card,Fashion,0,0,1
CUST12257,299,7,0,0.049,11.86,1131.35,0.132,Credit Card,Fashion,0,0,0
CUST12258,53,10,1,0.055,6.92,3121.54,0.241,Credit Card,Books,0,0,0
CUST12259,105,9,1,0.089,14.59,1268.73,0.526,UPI,Home & Kitchen,1,0,0
CUST12260,880,7,3,0.404,1.07,2224.67,0.732,Debit Card,Footwear,2,1,1
CUST12261,20,8,1,0.143,5.98,2233.69,0.134,COD,Beauty,0,1,0
CUST12262,529,6,1,0.152,9.25,1267.64,0.075,UPI,Footwear,0,0,0
CUST12263,571,6,2,0.342,11.38,2811.69,0.475,COD,Books,0,1,1
CUST12264,429,13,0,0.0,13.63,1750.69,0.356,UPI,Footwear,0,0,0
CUST12265,1320,16,2,0.135,1.6,2530.34,0.388,Wallet,Home & Kitchen,1,0,0
CUST12266,361,8,0,0.06,6.37,2092.23,0.085,UPI,Fashion,0,0,0
CUST12267,375,9,5,0.595,0.85,2284.3,0.53,UPI,Books,0,1,1
CUST12268,119,8,1,0.129,10.84,1914.43,0.514,COD,Electronics,0,0,0
CUST12269,34,10,6,0.625,2.09,4472.1,0.649,COD,Mobiles,1,1,1
CUST12270,27,6,2,0.298,4.46,853.55,0.245,COD,Footwear,0,1,1
CUST12271,280,7,2,0.306,6.48,1537.38,0.285,COD,Fashion,0,0,1
CUST12272,656,9,0,0.05,9.22,1206.09,0.09,UPI,Home & Kitchen,0,0,0
CUST12273,307,10,0,0.02,4.72,2584.36,0.495,UPI,Home & Kitchen,0,0,0
CUST12274,40,7,2,0.287,7.02,1767.31,0.227,UPI,Mobiles,0,0,1
CUST12275,37,16,2,0.151,4.27,1356.1,0.053,Debit Card,Mobiles,1,1,0
CUST12276,227,6,4,0.588,0.5,1200.5,0.693,COD,Footwear,0,1,1
CUST12277,5,8,0,0.044,11.44,449.26,0.337,UPI,Home & Kitchen,0,1,0
CUST12278,557,7,0,0.065,12.73,80.95,0.426,Credit Card,Fashion,2,1,0
CUST12279,135,6,0,0.0,6.65,3333.15,0.268,COD,Footwear,1,0,0
CUST12280,48,6,2,0.327,9.31,630.53,0.086,COD,Beauty,1,0,1
CUST12281,163,10,1,0.061,11.15,2524.91,0.128,Debit Card,Mobiles,0,1,0
CUST12282,659,7,0,0.0,15.27,2195.93,0.281,COD,Electronics,0,1,0
CUST12283,399,11,0,0.029,11.6,544.05,0.218,UPI,Mobiles,0,0,0
CUST12284,19,8,0,0.012,13.39,3525.48,0.527,Credit Card,Books,1,1,0
CUST12285,177,6,2,0.32,7.3,2180.96,0.132,Credit Card,Fashion,0,0,1
CUST12286,719,9,6,0.663,3.48,1698.98,0.602,COD,Fashion,3,1,1
CUST12287,270,5,0,0.03,14.26,3371.99,0.568,Debit Card,Footwear,0,0,0
CUST12288,792,9,0,0.0,10.98,1756.12,0.153,Debit Card,Fashion,0,0,0
CUST12289,185,11,4,0.32,4.39,1879.87,0.27,COD,Electronics,0,0,1
CUST12290,75,3,0,0.043,14.6,1443.17,0.07,Debit Card,Fashion,0,0,0
CUST12291,76,10,2,0.198,11.42,3326.46,0.492,UPI,Mobiles,2,0,0
CUST12292,234,6,2,0.263,9.52,1016.94,0.571,COD,Footwear,0,0,1
CUST12293,499,12,4,0.317,5.24,915.58,0.16,UPI,Footwear,0,0,1
CUST12294,45,10,1,0.139,9.04,6261.06,0.537,UPI,Beauty,0,0,0
CUST12295,296,9,2,0.199,6.66,652.25,0.021,UPI,Footwear,1,1,0
CUST12296,16,4,0,0.078,4.41,2735.07,0.205,COD,Footwear,2,1,0
CUST12297,523,9,6,0.677,1.52,2442.07,0.448,Debit Card,Beauty,1,1,1
CUST12298,262,7,1,0.125,8.74,1727.79,0.165,COD,Fashion,0,0,0
CUST12299,144,5,1,0.104,8.54,2482.85,0.115,Wallet,Beauty,2,0,0
CUST12300,79,4,0,0.095,10.21,1803.45,0.444,Credit Card,Footwear,0,1,0
CUST12301,22,7,1,0.074,9.38,3671.74,0.051,UPI,Footwear,0,0,0
CUST12302,11,7,1,0.186,4.86,3227.25,0.18,COD,Footwear,1,0,0
CUST12303,158,5,3,0.594,1.95,438.19,0.781,COD,Home & Kitchen,2,1,1
CUST12304,491,9,0,0.033,7.82,1884.2,0.251,UPI,Fashion,0,0,0
CUST12305,1279,7,0,0.035,10.83,2351.25,0.077,UPI,Electronics,0,1,0
CUST12306,171,5,0,0.053,6.82,1486.63,0.194,UPI,Electronics,0,1,0
CUST12307,110,9,1,0.076,2.72,1277.07,0.127,UPI,Home & Kitchen,1,0,0
CUST12308,359,9,1,0.061,10.82,1403.32,0.252,UPI,Home & Kitchen,0,0,0
CUST12309,122,9,1,0.159,11.0,1460.54,0.153,UPI,Beauty,0,1,0
CUST12310,794,12,1,0.062,7.62,733.03,0.192,Debit Card,Mobiles,0,0,0
CUST12311,553,5,0,0.099,7.62,2170.04,0.227,UPI,Fashion,1,0,0
CUST12312,44,10,1,0.055,11.39,3683.78,0.116,UPI,Electronics,0,0,0
CUST12313,36,5,0,0.074,6.16,1736.56,0.332,COD,Footwear,0,1,0
CUST12314,855,9,3,0.308,2.76,1952.59,0.135,COD,Beauty,0,0,1
CUST12315,195,9,1,0.064,10.81,2387.71,0.312,COD,Fashion,0,0,0
CUST12316,1500,10,2,0.15,9.98,936.48,0.139,UPI,Footwear,0,0,0
CUST12317,121,7,2,0.344,6.85,1019.17,0.365,Debit Card,Home & Kitchen,0,1,1
CUST12318,88,9,1,0.077,7.73,791.09,0.409,Wallet,Books,0,0,0
CUST12319,789,8,1,0.078,6.23,3753.36,0.128,Wallet,Footwear,0,0,0
CUST12320,666,10,2,0.185,2.9,5260.16,0.305,Credit Card,Beauty,0,0,0
CUST12321,653,7,0,0.04,4.96,1827.77,0.565,UPI,Home & Kitchen,0,0,0
CUST12322,24,9,6,0.681,2.09,3726.63,0.491,Credit Card,Mobiles,1,1,1
CUST12323,10,11,3,0.242,8.12,1288.13,0.479,UPI,Home & Kitchen,0,0,1
CUST12324,193,9,2,0.183,7.36,1906.06,0.341,Credit Card,Fashion,0,0,0
CUST12325,253,6,0,0.05,8.8,2717.88,0.229,Wallet,Beauty,0,0,0
CUST12326,88,10,1,0.089,8.49,1317.28,0.501,Credit Card,Home & Kitchen,0,0,0
CUST12327,412,6,0,0.058,3.63,2909.25,0.274,Credit Card,Home & Kitchen,0,0,0
CUST12328,341,5,1,0.107,10.76,846.38,0.409,COD,Footwear,0,0,0
CUST12329,151,11,1,0.063,11.08,4577.57,0.304,COD,Electronics,1,0,0
CUST12330,108,11,1,0.062,11.27,1005.41,0.134,Debit Card,Fashion,0,0,0
CUST12331,391,13,1,0.099,9.6,2142.62,0.06,COD,Home & Kitchen,0,0,0
CUST12332,231,5,0,0.059,13.18,818.74,0.332,COD,Footwear,1,1,0
CUST12333,31,7,1,0.091,7.42,1338.81,0.25,COD,Footwear,0,1,0
CUST12334,137,5,1,0.175,6.2,1370.99,0.228,UPI,Electronics,1,0,0
CUST12335,227,12,6,0.515,2.17,1521.81,0.142,UPI,Footwear,0,1,1
CUST12336,512,10,3,0.25,7.75,1685.3,0.221,COD,Beauty,0,1,1
CUST12337,167,9,1,0.12,6.29,1031.61,0.51,Wallet,Books,1,0,0
CUST12338,117,5,1,0.241,0.5,1550.7,0.185,Credit Card,Electronics,0,0,1
CUST12339,200,5,1,0.237,2.89,1093.65,0.146,Wallet,Home & Kitchen,0,1,1
CUST12340,87,8,1,0.178,6.5,3464.32,0.609,COD,Fashion,0,0,0
CUST12341,1359,8,7,0.844,1.83,644.72,0.507,COD,Electronics,1,1,1
CUST12342,59,9,0,0.0,5.63,1235.65,0.577,Credit Card,Footwear,0,1,0
CUST12343,383,9,2,0.253,3.87,1869.52,0.078,Credit Card,Fashion,1,0,1
CUST12344,598,6,2,0.264,6.42,1762.98,0.307,COD,Electronics,0,0,1
CUST12345,171,6,4,0.637,2.95,2853.06,0.382,Wallet,Books,2,1,1
CUST12346,297,9,1,0.076,11.71,1887.32,0.388,Debit Card,Footwear,0,0,0
CUST12347,256,11,8,0.686,1.34,1051.48,0.752,UPI,Home & Kitchen,2,1,1
CUST12348,389,7,0,0.061,7.42,3255.01,0.478,Credit Card,Fashion,0,1,0
CUST12349,200,5,0,0.047,10.16,2996.13,0.27,Credit Card,Home & Kitchen,0,0,0
CUST12350,525,8,2,0.255,7.67,2751.86,0.209,COD,Fashion,0,1,1
CUST12351,52,5,0,0.067,9.9,949.85,0.114,COD,Fashion,0,1,0
CUST12352,51,8,3,0.386,1.8,3625.37,0.033,COD,Mobiles,0,0,1
CUST12353,148,8,2,0.282,8.31,2004.51,0.207,Debit Card,Electronics,2,0,1
CUST12354,56,7,1,0.198,14.19,2811.3,0.153,Credit Card,Fashion,0,0,0
CUST12355,84,13,2,0.167,0.97,1329.46,0.297,Debit Card,Mobiles,2,1,0
CUST12356,82,9,3,0.368,2.58,1269.39,0.836,UPI,Beauty,1,1,1
CUST12357,452,5,0,0.033,11.87,1651.15,0.08,Credit Card,Footwear,0,0,0
CUST12358,82,7,2,0.268,7.86,2550.44,0.397,Credit Card,Fashion,0,0,1
CUST12359,562,12,3,0.287,8.64,1042.47,0.336,Wallet,Electronics,0,1,1
CUST12360,55,12,1,0.086,6.84,2127.89,0.116,Wallet,Footwear,0,0,0
CUST12361,90,6,0,0.008,6.77,2288.68,0.123,COD,Footwear,0,0,0
CUST12362,642,4,0,0.074,8.88,2510.76,0.293,Credit Card,Fashion,0,1,0
CUST12363,26,2,0,0.064,7.1,1700.51,0.311,Debit Card,Fashion,0,1,0
CUST12364,126,6,1,0.178,8.8,97.75,0.147,Debit Card,Electronics,1,0,0
CUST12365,52,7,0,0.029,10.06,4366.84,0.442,UPI,Mobiles,0,0,0
CUST12366,1373,6,1,0.194,6.77,2083.61,0.268,Debit Card,Fashion,0,0,0
CUST12367,9,9,1,0.085,10.04,811.67,0.514,UPI,Electronics,0,1,0
CUST12368,96,13,4,0.278,6.63,1030.08,0.566,Credit Card,Fashion,0,1,1
CUST12369,231,5,0,0.052,6.02,3269.24,0.51,Credit Card,Electronics,1,1,0
CUST12370,144,5,0,0.08,11.89,1843.96,0.313,UPI,Electronics,0,0,0
CUST12371,1500,5,0,0.076,9.55,1346.33,0.313,UPI,Fashion,1,0,0
CUST12372,129,7,4,0.568,4.08,502.26,0.518,Credit Card,Fashion,3,0,1
CUST12373,284,7,1,0.209,7.03,1632.23,0.126,UPI,Fashion,0,0,0
CUST12374,284,5,1,0.172,6.07,2659.42,0.503,UPI,Footwear,2,1,0
CUST12375,98,5,1,0.169,13.17,2503.25,0.583,COD,Electronics,2,0,0
CUST12376,154,7,2,0.223,2.53,2785.31,0.547,COD,Home & Kitchen,2,0,0
CUST12377,660,13,0,0.009,4.83,2180.41,0.285,COD,Fashion,1,0,0
CUST12378,49,14,4,0.256,7.61,919.26,0.097,Credit Card,Fashion,0,0,1
CUST12379,843,13,0,0.0,9.26,1276.22,0.083,COD,Fashion,0,0,0
CUST12380,41,7,2,0.282,1.42,455.3,0.113,COD,Home & Kitchen,1,0,1
CUST12381,146,6,1,0.119,10.82,3683.69,0.535,Credit Card,Beauty,0,1,0
CUST12382,540,7,2,0.27,4.64,692.17,0.347,Credit Card,Footwear,1,1,1
CUST12383,142,7,2,0.235,5.3,890.49,0.206,Credit Card,Fashion,1,1,1
CUST12384,28,10,3,0.277,4.19,1899.5,0.093,COD,Electronics,0,0,1
CUST12385,83,11,1,0.094,1.68,989.1,0.253,UPI,Fashion,0,1,0
CUST12386,61,6,0,0.011,5.74,854.37,0.077,Debit Card,Home & Kitchen,0,0,0
CUST12387,343,9,2,0.242,3.58,649.83,0.123,UPI,Footwear,2,1,1
CUST12388,515,3,1,0.344,6.81,1656.1,0.334,UPI,Electronics,0,0,1
CUST12389,350,11,2,0.155,5.65,1414.88,0.211,Debit Card,Fashion,0,0,0
CUST12390,347,12,1,0.048,6.66,5614.86,0.191,COD,Beauty,0,0,0
CUST12391,40,9,2,0.224,0.5,968.94,0.074,COD,Footwear,0,0,0
CUST12392,454,8,2,0.26,4.05,3522.93,0.493,Debit Card,Footwear,0,1,1
CUST12393,39,9,1,0.126,7.61,6338.33,0.419,UPI,Books,0,0,0
CUST12394,441,10,3,0.306,2.58,2117.34,0.353,COD,Beauty,0,1,1
CUST12395,136,10,3,0.312,10.09,1099.95,0.371,Credit Card,Electronics,0,0,1
CUST12396,264,6,1,0.114,11.72,1323.9,0.51,COD,Fashion,0,0,0
CUST12397,52,6,2,0.309,3.6,480.01,0.441,COD,Home & Kitchen,1,0,1
CUST12398,112,8,0,0.062,7.6,4121.35,0.367,UPI,Electronics,0,0,0
CUST12399,188,9,1,0.062,11.99,1197.28,0.334,UPI,Mobiles,0,0,0
CUST12400,578,8,1,0.122,12.16,2626.01,0.473,COD,Fashion,1,0,0
CUST12401,592,10,1,0.132,2.85,711.56,0.311,UPI,Fashion,1,0,0
CUST12402,5,5,0,0.049,3.89,1294.33,0.511,COD,Fashion,0,0,0
CUST12403,360,8,0,0.055,10.56,326.67,0.466,Debit Card,Fashion,0,1,0
CUST12404,155,7,4,0.598,1.79,1267.24,0.723,Credit Card,Books,0,1,1
CUST12405,337,6,1,0.099,8.51,3250.08,0.123,UPI,Home & Kitchen,3,0,0
CUST12406,698,10,1,0.117,8.74,1785.15,0.219,Debit Card,Fashion,0,1,0
CUST12407,63,7,1,0.104,6.53,1083.52,0.672,UPI,Fashion,0,0,0
CUST12408,90,8,1,0.065,6.14,2342.96,0.331,Credit Card,Electronics,0,1,0
CUST12409,109,8,2,0.189,3.82,961.41,0.31,Credit Card,Home & Kitchen,0,1,0
CUST12410,249,8,1,0.071,6.97,906.3,0.321,Debit Card,Home & Kitchen,0,1,0
CUST12411,683,7,1,0.08,12.21,3525.42,0.044,Credit Card,Fashion,0,0,0
CUST12412,206,7,4,0.53,2.58,1594.39,0.328,Credit Card,Footwear,0,0,1
CUST12413,42,7,1,0.09,9.26,1514.2,0.199,COD,Beauty,0,1,0
CUST12414,371,9,3,0.322,5.23,503.85,0.131,COD,Fashion,1,0,1
CUST12415,400,5,1,0.112,9.93,1944.21,0.151,UPI,Fashion,0,0,0
CUST12416,533,9,3,0.315,2.21,1105.81,0.154,COD,Fashion,0,0,1
CUST12417,138,5,0,0.026,10.07,4342.78,0.186,UPI,Footwear,1,0,0
CUST12418,11,6,2,0.273,8.04,615.59,0.072,UPI,Fashion,0,1,1
CUST12419,25,7,1,0.177,6.04,1750.27,0.163,Credit Card,Home & Kitchen,0,0,0
CUST12420,534,7,5,0.757,1.75,543.93,0.777,UPI,Books,3,0,1
CUST12421,121,8,2,0.261,2.21,1068.18,0.032,COD,Beauty,0,0,1
CUST12422,327,8,0,0.061,5.94,779.58,0.116,COD,Mobiles,0,0,0
CUST12423,305,8,1,0.124,7.36,969.29,0.583,COD,Footwear,0,1,0
CUST12424,14,8,1,0.107,5.41,3262.23,0.213,COD,Books,2,0,0
CUST12425,161,12,0,0.041,2.63,5213.84,0.234,COD,Home & Kitchen,0,0,0
CUST12426,217,7,1,0.125,14.14,1707.97,0.597,COD,Books,0,1,0
CUST12427,125,8,1,0.185,6.67,3323.7,0.514,COD,Electronics,0,0,0
CUST12428,145,6,1,0.133,6.21,959.65,0.301,UPI,Home & Kitchen,0,0,0
CUST12429,176,5,1,0.128,5.88,1295.04,0.277,Credit Card,Footwear,0,0,0
CUST12430,14,7,0,0.064,9.15,427.79,0.478,Wallet,Electronics,0,1,0
CUST12431,15,4,0,0.097,4.8,4298.11,0.022,Credit Card,Books,1,1,0
CUST12432,186,6,1,0.128,11.39,3728.6,0.561,UPI,Footwear,0,0,0
CUST12433,118,10,1,0.129,7.99,2798.47,0.375,COD,Beauty,0,0,0
CUST12434,573,6,1,0.223,4.15,1508.36,0.433,COD,Home & Kitchen,0,0,0
CUST12435,232,8,2,0.265,11.97,2728.13,0.311,UPI,Electronics,0,1,1
CUST12436,198,5,1,0.288,1.94,365.93,0.145,UPI,Electronics,0,0,1
CUST12437,79,6,0,0.06,15.64,766.48,0.755,Debit Card,Electronics,0,0,0
CUST12438,592,12,2,0.144,8.13,3772.48,0.118,COD,Home & Kitchen,0,0,0
CUST12439,37,9,1,0.117,1.74,1606.81,0.13,UPI,Fashion,0,0,0
CUST12440,344,10,1,0.087,5.18,1412.5,0.255,Debit Card,Fashion,0,0,0
CUST12441,597,8,0,0.048,5.38,2655.68,0.135,COD,Fashion,0,0,0
CUST12442,1500,8,0,0.005,7.99,1986.9,0.478,Debit Card,Beauty,0,0,0
CUST12443,329,10,4,0.434,3.51,142.24,0.499,Debit Card,Home & Kitchen,2,0,1
CUST12444,412,2,1,0.316,8.52,2293.39,0.177,COD,Fashion,0,0,1
CUST12445,15,6,0,0.067,7.61,1757.68,0.149,Debit Card,Books,1,0,0
CUST12446,170,9,3,0.374,3.55,2118.05,0.319,COD,Electronics,1,1,1
CUST12447,720,16,3,0.189,10.25,631.68,0.113,Debit Card,Fashion,0,0,0
CUST12448,143,7,0,0.069,6.87,1794.78,0.173,UPI,Footwear,1,0,0
CUST12449,95,8,4,0.525,1.79,1553.19,0.524,COD,Fashion,2,1,1
CUST12450,19,4,2,0.576,4.47,1829.68,0.197,Credit Card,Electronics,0,1,1
CUST12451,148,10,1,0.077,12.15,2532.61,0.382,COD,Electronics,0,0,0
CUST12452,225,7,2,0.307,9.63,1744.93,0.161,COD,Fashion,0,0,1
CUST12453,390,9,1,0.142,5.18,1633.47,0.35,COD,Beauty,0,0,0
CUST12454,32,6,0,0.06,16.87,947.45,0.388,COD,Beauty,0,0,0
CUST12455,44,10,1,0.096,6.72,2450.51,0.286,UPI,Footwear,1,0,0
CUST12456,268,9,5,0.507,1.72,3647.06,0.472,COD,Fashion,1,0,1
CUST12457,148,8,0,0.005,6.68,2940.16,0.313,COD,Mobiles,0,0,0
CUST12458,501,9,0,0.052,11.1,2874.73,0.118,Credit Card,Electronics,1,1,0
CUST12459,244,16,1,0.055,13.21,2333.48,0.623,Credit Card,Electronics,1,0,0
CUST12460,192,8,2,0.299,4.12,515.77,0.302,COD,Home & Kitchen,0,0,1
CUST12461,953,12,1,0.073,8.81,592.69,0.321,COD,Beauty,0,0,0
CUST12462,680,8,3,0.398,2.1,707.52,0.587,UPI,Electronics,0,0,1
CUST12463,102,12,0,0.023,6.1,1475.08,0.014,COD,Electronics,0,0,0
CUST12464,427,8,1,0.116,6.78,1358.85,0.545,Debit Card,Fashion,0,1,0
CUST12465,574,7,1,0.144,7.18,236.87,0.261,Debit Card,Mobiles,1,1,0
CUST12466,141,9,3,0.341,7.09,1214.35,0.225,COD,Electronics,0,0,1
CUST12467,17,9,0,0.055,10.43,740.2,0.414,UPI,Beauty,0,1,0
CUST12468,8,9,1,0.132,7.74,1955.51,0.335,Debit Card,Footwear,0,1,0
CUST12469,102,10,7,0.674,1.06,1209.8,0.474,Credit Card,Footwear,1,0,1
CUST12470,194,10,6,0.589,1.88,4669.38,0.543,UPI,Books,2,1,1
CUST12471,60,6,2,0.251,7.41,4507.81,0.061,Credit Card,Footwear,0,0,1
CUST12472,577,7,0,0.058,7.45,2703.43,0.167,COD,Footwear,0,0,0
CUST12473,172,6,1,0.145,6.67,1602.11,0.381,Debit Card,Home & Kitchen,0,0,0
CUST12474,741,12,1,0.048,2.26,3081.07,0.226,UPI,Footwear,0,0,0
CUST12475,602,6,1,0.167,6.42,1097.57,0.108,COD,Footwear,1,0,0
CUST12476,305,10,4,0.421,8.99,2460.42,0.038,UPI,Fashion,0,0,1
CUST12477,147,9,2,0.19,8.94,1314.41,0.088,COD,Footwear,0,0,0
CUST12478,258,5,2,0.372,1.06,1330.34,0.568,UPI,Footwear,1,0,1
CUST12479,65,9,2,0.272,10.04,2705.4,0.01,Wallet,Mobiles,0,1,1
CUST12480,633,9,2,0.208,1.36,4267.24,0.547,COD,Fashion,0,0,0
CUST12481,34,4,0,0.125,8.62,958.97,0.048,Credit Card,Electronics,1,0,0
CUST12482,60,9,1,0.101,9.31,1108.16,0.499,UPI,Electronics,0,0,0
CUST12483,319,6,2,0.386,1.94,601.68,0.711,COD,Fashion,2,0,1
CUST12484,387,10,1,0.126,6.95,1012.75,0.659,COD,Electronics,0,0,0
CUST12485,986,8,0,0.05,12.68,1316.83,0.351,Debit Card,Home & Kitchen,0,0,0
CUST12486,886,11,2,0.138,6.5,3048.63,0.035,Credit Card,Books,0,1,0
CUST12487,63,9,1,0.084,7.82,1921.08,0.091,Credit Card,Beauty,0,1,0
CUST12488,110,10,1,0.075,6.37,2006.44,0.358,Credit Card,Books,0,0,0
CUST12489,205,10,1,0.086,14.39,830.55,0.113,COD,Home & Kitchen,0,1,0
CUST12490,540,6,2,0.372,1.1,2310.19,0.451,UPI,Fashion,1,1,1
CUST12491,31,10,1,0.118,9.26,2508.36,0.184,Debit Card,Books,2,1,0
CUST12492,633,6,3,0.578,2.99,2560.43,0.659,Debit Card,Electronics,1,1,1
CUST12493,14,5,1,0.254,7.64,4922.41,0.062,UPI,Books,1,0,1
CUST12494,408,5,2,0.486,2.32,1424.04,0.534,Debit Card,Mobiles,0,0,1
CUST12495,1500,8,1,0.164,3.69,2588.76,0.361,Debit Card,Fashion,0,0,0
CUST12496,286,8,0,0.056,10.51,1206.98,0.052,UPI,Fashion,3,0,0
CUST12497,166,4,1,0.233,4.77,1156.98,0.486,COD,Footwear,3,1,1
CUST12498,6,9,1,0.125,10.08,1118.71,0.529,COD,Electronics,0,0,0
CUST12499,335,4,0,0.007,13.76,1004.0,0.27,COD,Home & Kitchen,0,0,0
CUST12500,401,11,2,0.211,8.28,479.39,0.146,COD,Mobiles,0,1,0
CUST12501,59,9,1,0.133,10.17,1035.68,0.357,COD,Footwear,1,1,0
CUST12502,234,6,1,0.188,4.78,338.74,0.29,UPI,Electronics,0,0,0
CUST12503,422,9,0,0.028,9.5,2863.64,0.232,UPI,Fashion,0,1,0
CUST12504,692,6,0,0.078,7.47,2121.14,0.089,Wallet,Fashion,0,0,0
CUST12505,1500,13,3,0.254,1.7,1916.74,0.429,UPI,Mobiles,0,0,1
CUST12506,28,9,0,0.021,12.46,2140.1,0.181,COD,Fashion,0,0,0
CUST12507,347,9,3,0.281,3.18,3623.57,0.479,COD,Mobiles,3,1,1
CUST12508,305,3,0,0.056,3.47,1529.41,0.408,Credit Card,Footwear,0,0,0
CUST12509,62,10,2,0.212,5.45,1673.58,0.298,Credit Card,Footwear,0,0,0
CUST12510,237,8,2,0.244,3.65,1088.23,0.139,UPI,Mobiles,0,0,1
CUST12511,53,10,4,0.386,1.96,2256.27,0.637,COD,Fashion,1,1,1
CUST12512,230,7,1,0.105,5.78,5894.49,0.528,COD,Fashion,1,0,0
CUST12513,97,10,2,0.155,5.72,839.19,0.359,Wallet,Fashion,0,0,0
CUST12514,236,3,1,0.242,6.96,4583.57,0.17,COD,Home & Kitchen,0,1,1
CUST12515,121,9,1,0.072,7.7,653.29,0.262,COD,Fashion,1,0,0
CUST12516,103,3,0,0.087,9.06,1665.72,0.097,Credit Card,Beauty,1,0,0
CUST12517,128,9,2,0.268,7.76,985.91,0.464,Credit Card,Home & Kitchen,1,0,1
CUST12518,346,10,2,0.167,7.7,1782.68,0.241,COD,Home & Kitchen,1,1,0
CUST12519,361,7,0,0.055,8.96,834.84,0.139,Credit Card,Beauty,1,1,0
CUST12520,209,7,0,0.0,11.42,3546.65,0.138,Credit Card,Books,0,1,0
CUST12521,197,8,0,0.034,16.09,2179.56,0.331,Wallet,Fashion,1,0,0
CUST12522,165,8,0,0.056,9.63,1526.71,0.069,COD,Electronics,0,1,0
CUST12523,20,5,1,0.155,5.07,1314.79,0.311,Debit Card,Electronics,1,1,0
CUST12524,227,4,1,0.287,4.34,4339.68,0.293,UPI,Home & Kitchen,0,0,1
CUST12525,683,12,1,0.111,10.91,2487.75,0.196,COD,Electronics,1,0,0
CUST12526,420,9,2,0.247,1.95,3670.74,0.172,Debit Card,Mobiles,1,1,1
CUST12527,504,11,0,0.017,7.38,1258.81,0.212,UPI,Beauty,1,0,0
CUST12528,471,4,1,0.23,5.79,2291.73,0.16,Debit Card,Footwear,0,0,1
CUST12529,80,7,1,0.174,8.32,416.68,0.303,Wallet,Home & Kitchen,0,1,0
CUST12530,532,8,2,0.287,8.06,577.46,0.187,COD,Home & Kitchen,1,0,1
CUST12531,483,7,2,0.295,7.5,3016.5,0.192,Debit Card,Beauty,0,1,1
CUST12532,180,9,2,0.176,10.06,2743.94,0.234,COD,Electronics,0,0,0
CUST12533,36,4,1,0.271,7.28,3562.69,0.271,COD,Beauty,0,0,1
CUST12534,5,6,0,0.022,13.61,546.59,0.259,UPI,Beauty,0,1,0
CUST12535,493,7,0,0.061,4.64,2526.77,0.34,COD,Fashion,0,1,0
CUST12536,11,4,1,0.154,10.39,2430.6,0.618,UPI,Books,0,1,0
CUST12537,543,11,0,0.002,6.73,1183.8,0.251,UPI,Fashion,0,1,0
CUST12538,95,8,1,0.15,14.0,5701.0,0.136,COD,Beauty,1,1,0
CUST12539,732,5,1,0.215,12.32,5601.21,0.393,COD,Fashion,1,0,0
CUST12540,783,9,2,0.273,2.16,278.44,0.577,COD,Electronics,0,0,1
CUST12541,25,12,2,0.186,7.79,5192.92,0.109,COD,Electronics,1,0,0
CUST12542,571,6,1,0.103,6.86,1137.97,0.225,UPI,Electronics,0,0,0
CUST12543,676,8,2,0.23,6.33,1710.4,0.469,COD,Fashion,0,0,1
CUST12544,116,6,1,0.086,6.92,1210.27,0.402,COD,Footwear,1,0,0
CUST12545,120,8,0,0.059,14.65,568.52,0.44,Wallet,Home & Kitchen,0,1,0
CUST12546,216,10,1,0.099,7.63,2806.44,0.047,COD,Footwear,0,1,0
CUST12547,329,8,4,0.473,2.23,3475.27,0.591,UPI,Footwear,1,1,1
CUST12548,165,10,0,0.029,12.22,158.24,0.125,Credit Card,Electronics,2,0,0
CUST12549,520,11,2,0.215,7.46,2422.41,0.115,UPI,Fashion,0,0,0
CUST12550,249,10,1,0.086,11.41,4324.64,0.433,Debit Card,Fashion,0,1,0
CUST12551,129,4,1,0.141,11.87,3906.06,0.286,Credit Card,Beauty,0,0,0
CUST12552,893,4,0,0.1,9.4,1003.79,0.329,COD,Beauty,0,0,0
CUST12553,870,9,2,0.186,7.54,1016.69,0.373,UPI,Fashion,0,0,0
CUST12554,1081,5,1,0.103,6.97,2196.36,0.185,Debit Card,Mobiles,0,0,0
CUST12555,210,7,0,0.033,9.18,2889.34,0.159,COD,Footwear,1,1,0
CUST12556,244,7,2,0.237,5.09,1492.59,0.213,COD,Mobiles,2,0,1
CUST12557,41,4,1,0.292,8.09,2502.19,0.29,Credit Card,Mobiles,1,0,1
CUST12558,1500,10,1,0.076,9.51,336.79,0.362,COD,Fashion,0,0,0
CUST12559,177,10,1,0.099,11.29,2345.75,0.458,COD,Fashion,0,0,0
CUST12560,227,8,2,0.265,1.88,1056.42,0.474,Credit Card,Electronics,0,0,1
CUST12561,564,10,3,0.264,1.56,1610.56,0.522,COD,Fashion,0,0,1
CUST12562,17,4,1,0.248,0.98,2408.86,0.408,Debit Card,Fashion,0,0,1
CUST12563,194,6,0,0.07,8.88,2376.43,0.121,UPI,Footwear,0,0,0
CUST12564,13,8,1,0.176,8.27,1370.28,0.448,Debit Card,Fashion,0,0,0
CUST12565,269,13,2,0.164,4.81,1134.5,0.494,COD,Fashion,0,0,0
CUST12566,52,8,3,0.327,2.72,1154.7,0.129,Debit Card,Home & Kitchen,2,1,1
CUST12567,62,10,0,0.047,15.71,4288.13,0.302,Credit Card,Beauty,0,0,0
CUST12568,443,6,1,0.215,6.01,2766.89,0.253,Debit Card,Beauty,1,1,0
CUST12569,27,7,1,0.192,1.39,296.21,0.248,COD,Fashion,0,0,0
CUST12570,120,7,1,0.072,8.74,350.62,0.177,COD,Fashion,0,0,0
CUST12571,118,3,0,0.015,8.71,1257.28,0.206,COD,Electronics,0,1,0
CUST12572,343,4,0,0.104,8.06,1772.48,0.32,Debit Card,Electronics,1,0,0
CUST12573,683,9,1,0.088,10.8,2670.15,0.387,UPI,Fashion,0,0,0
CUST12574,1500,8,1,0.172,6.72,2366.12,0.322,COD,Beauty,0,1,0
CUST12575,189,7,1,0.077,8.47,2156.34,0.32,COD,Electronics,0,0,0
CUST12576,78,6,5,0.776,3.01,1436.84,0.425,UPI,Fashion,2,1,1
CUST12577,220,7,1,0.117,7.79,2879.54,0.129,Credit Card,Footwear,2,0,0
CUST12578,163,7,0,0.048,12.75,980.1,0.111,Debit Card,Footwear,1,0,0
CUST12579,384,4,1,0.313,5.61,1798.05,0.417,UPI,Mobiles,0,0,1
CUST12580,223,11,1,0.062,4.58,1226.65,0.138,Credit Card,Mobiles,0,0,0
CUST12581,211,10,2,0.233,2.31,2014.48,0.425,COD,Beauty,1,1,1
CUST12582,583,8,1,0.12,11.93,1129.99,0.54,UPI,Fashion,0,1,0
CUST12583,220,8,2,0.21,6.48,1469.4,0.302,COD,Home & Kitchen,0,0,0
CUST12584,10,11,6,0.59,3.42,1745.19,0.244,COD,Fashion,1,1,1
CUST12585,121,6,1,0.099,11.74,2633.68,0.367,COD,Electronics,0,0,0
CUST12586,11,5,3,0.592,3.69,1208.56,0.545,UPI,Home & Kitchen,1,0,1
CUST12587,362,6,0,0.043,6.88,1305.62,0.215,COD,Fashion,1,0,0
CUST12588,241,13,5,0.369,1.93,2917.24,0.21,COD,Beauty,0,0,1
CUST12589,25,11,3,0.318,3.62,2097.47,0.173,UPI,Fashion,0,0,1
CUST12590,405,4,0,0.0,9.38,2526.33,0.112,COD,Fashion,0,1,0
CUST12591,47,8,1,0.155,8.67,2444.25,0.146,COD,Fashion,0,0,0
CUST12592,341,7,1,0.113,9.65,678.3,0.171,COD,Mobiles,2,0,0
CUST12593,140,4,2,0.498,3.3,1981.27,0.691,UPI,Beauty,3,0,1
CUST12594,100,5,0,0.092,5.13,1989.03,0.466,COD,Books,1,0,0
CUST12595,337,8,0,0.042,9.77,795.17,0.51,COD,Beauty,1,0,0
CUST12596,528,10,0,0.004,8.2,3739.53,0.306,Debit Card,Fashion,1,0,0
CUST12597,432,10,1,0.07,7.85,3600.0,0.196,Debit Card,Footwear,0,0,0
CUST12598,770,9,1,0.086,6.29,2179.64,0.344,Debit Card,Fashion,0,1,0
CUST12599,319,7,1,0.099,10.54,2784.77,0.19,UPI,Electronics,0,0,0
CUST12600,570,8,0,0.04,4.53,6325.13,0.244,UPI,Fashion,1,0,0
CUST12601,351,8,2,0.304,6.32,1209.03,0.163,Credit Card,Fashion,0,0,1
CUST12602,26,5,0,0.0,9.38,2027.61,0.151,Credit Card,Fashion,0,0,0
CUST12603,165,6,1,0.085,13.72,2329.54,0.031,Credit Card,Fashion,1,1,0
CUST12604,279,10,0,0.0,6.72,3315.32,0.455,COD,Beauty,0,0,0
CUST12605,144,10,3,0.251,8.45,1215.87,0.065,UPI,Electronics,0,0,1
CUST12606,1121,14,3,0.237,10.28,3948.73,0.133,COD,Beauty,0,0,1
CUST12607,141,8,1,0.159,6.3,2378.51,0.099,UPI,Beauty,0,0,0
CUST12608,547,12,4,0.367,2.45,876.3,0.639,UPI,Books,0,0,1
CUST12609,133,9,1,0.079,9.99,3649.61,0.31,Debit Card,Electronics,0,0,0
CUST12610,249,14,9,0.675,1.63,2916.22,0.584,Wallet,Fashion,0,1,1
CUST12611,571,6,1,0.09,9.31,3827.69,0.482,COD,Fashion,1,0,0
CUST12612,28,5,0,0.062,8.12,3422.36,0.357,UPI,Books,0,0,0
CUST12613,16,11,6,0.574,2.83,3086.04,0.579,COD,Footwear,1,1,1
CUST12614,487,7,1,0.096,4.82,2528.97,0.258,COD,Home & Kitchen,0,0,0
CUST12615,249,10,0,0.039,9.39,3830.18,0.146,UPI,Beauty,0,1,0
CUST12616,572,9,1,0.155,7.93,1626.44,0.279,Credit Card,Fashion,1,1,0
CUST12617,40,9,2,0.201,8.04,2266.72,0.061,UPI,Fashion,0,0,0
CUST12618,72,5,2,0.462,1.87,1369.02,0.975,Credit Card,Home & Kitchen,1,1,1
CUST12619,380,6,1,0.22,5.84,2406.55,0.305,Debit Card,Footwear,1,0,0
CUST12620,157,6,0,0.067,6.13,2910.58,0.295,UPI,Mobiles,0,0,0
CUST12621,220,9,1,0.059,2.19,1307.83,0.573,UPI,Fashion,0,0,0
CUST12622,27,11,1,0.109,7.16,1494.38,0.303,UPI,Electronics,0,1,0
CUST12623,243,7,2,0.337,3.15,2669.24,0.819,COD,Home & Kitchen,2,0,1
CUST12624,511,6,0,0.03,11.27,1116.09,0.267,COD,Home & Kitchen,2,0,0
CUST12625,304,10,0,0.0,2.9,1303.8,0.373,COD,Books,0,1,0
CUST12626,248,12,4,0.32,4.93,2258.51,0.114,COD,Fashion,0,1,1
CUST12627,369,6,1,0.129,12.39,1598.77,0.065,Debit Card,Beauty,0,0,0
CUST12628,257,9,1,0.092,6.52,4438.12,0.128,Credit Card,Fashion,0,0,0
CUST12629,84,9,1,0.076,8.98,1933.13,0.329,UPI,Fashion,0,1,0
CUST12630,42,11,2,0.178,11.96,1329.77,0.439,COD,Beauty,0,1,0
CUST12631,292,14,1,0.068,8.37,964.1,0.454,COD,Home & Kitchen,0,0,0
CUST12632,116,7,1,0.212,7.33,946.89,0.364,UPI,Electronics,0,1,0
CUST12633,427,14,3,0.247,6.99,586.68,0.614,Credit Card,Books,0,0,1
CUST12634,479,7,1,0.105,7.15,743.25,0.448,COD,Fashion,0,0,0
CUST12635,454,6,0,0.02,8.54,2256.68,0.226,Debit Card,Fashion,0,0,0
CUST12636,453,8,1,0.105,7.9,792.51,0.24,Credit Card,Electronics,1,0,0
CUST12637,13,9,1,0.083,6.99,1725.23,0.629,COD,Footwear,0,0,0
CUST12638,1189,8,0,0.0,7.56,3012.31,0.354,Credit Card,Fashion,1,1,0
CUST12639,178,7,4,0.564,1.65,803.39,0.679,COD,Electronics,1,1,1
CUST12640,548,10,2,0.166,7.33,1091.65,0.258,UPI,Beauty,0,1,0
CUST12641,82,8,4,0.48,3.71,4617.62,0.52,Credit Card,Footwear,1,1,1
CUST12642,190,5,0,0.038,9.45,1851.58,0.328,UPI,Fashion,1,1,0
CUST12643,373,10,4,0.359,9.69,2418.07,0.258,Credit Card,Footwear,0,0,1
CUST12644,116,12,2,0.176,5.87,2142.95,0.376,COD,Beauty,0,0,0
CUST12645,76,12,3,0.216,7.36,2355.04,0.247,COD,Fashion,0,0,0
CUST12646,51,10,0,0.0,8.71,1144.18,0.044,UPI,Mobiles,0,0,0
CUST12647,234,8,3,0.344,11.73,2520.15,0.187,Credit Card,Beauty,0,0,1
CUST12648,40,5,2,0.462,3.89,1225.48,0.563,UPI,Electronics,2,1,1
CUST12649,27,9,0,0.0,10.62,2162.96,0.521,UPI,Home & Kitchen,1,0,0
CUST12650,924,7,2,0.226,6.86,2091.43,0.336,Credit Card,Fashion,0,0,0
CUST12651,126,5,1,0.264,4.42,1209.74,0.111,Debit Card,Beauty,0,0,1
CUST12652,59,9,1,0.061,8.11,3158.15,0.429,COD,Beauty,0,0,0
CUST12653,296,7,1,0.196,10.37,2059.48,0.313,UPI,Fashion,2,0,0
CUST12654,272,9,1,0.158,7.43,5272.96,0.127,Wallet,Electronics,0,0,0
CUST12655,123,7,1,0.122,12.09,2468.54,0.107,Debit Card,Footwear,0,0,0
CUST12656,146,4,0,0.069,9.7,1245.08,0.323,UPI,Fashion,0,0,0
CUST12657,87,11,3,0.294,4.8,561.57,0.127,UPI,Mobiles,0,0,1
CUST12658,76,8,0,0.0,9.18,1755.46,0.421,COD,Home & Kitchen,1,1,0
CUST12659,199,6,2,0.281,6.78,1020.14,0.641,Debit Card,Footwear,0,1,1
CUST12660,65,12,1,0.124,12.85,2556.32,0.194,COD,Fashion,0,1,0
CUST12661,119,10,2,0.202,7.88,2303.79,0.474,UPI,Electronics,1,0,0
CUST12662,113,5,1,0.219,8.07,2375.94,0.526,Wallet,Fashion,0,0,0
CUST12663,612,6,1,0.156,9.46,674.16,0.058,UPI,Beauty,0,0,0
CUST12664,810,7,3,0.435,3.34,1895.19,0.513,COD,Electronics,2,1,1
CUST12665,173,2,0,0.077,6.63,2565.16,0.19,Credit Card,Electronics,0,0,0
CUST12666,67,11,2,0.19,7.97,1452.95,0.276,COD,Fashion,1,0,0
CUST12667,20,9,0,0.045,12.16,1168.9,0.572,UPI,Electronics,1,0,0
CUST12668,156,7,2,0.246,5.24,571.28,0.168,COD,Footwear,0,1,1
CUST12669,179,8,2,0.189,4.43,1933.85,0.41,Credit Card,Fashion,1,0,0
CUST12670,69,8,2,0.222,3.5,2106.7,0.312,Credit Card,Electronics,0,1,0
CUST12671,270,11,2,0.184,6.31,2914.06,0.3,UPI,Footwear,1,1,0
CUST12672,717,5,1,0.128,12.94,1479.27,0.276,Credit Card,Footwear,0,0,0
CUST12673,45,8,1,0.115,6.21,2516.37,0.53,COD,Footwear,0,0,0
CUST12674,120,10,1,0.124,8.16,904.61,0.273,Debit Card,Fashion,1,0,0
CUST12675,139,4,1,0.143,5.19,1697.4,0.348,COD,Home & Kitchen,0,1,0
CUST12676,273,7,1,0.088,12.64,775.5,0.393,Debit Card,Beauty,0,0,0
CUST12677,742,12,0,0.034,8.96,439.18,0.375,UPI,Footwear,0,0,0
CUST12678,95,8,1,0.141,9.63,1644.42,0.273,UPI,Fashion,0,0,0
CUST12679,67,16,1,0.087,7.84,2140.73,0.242,UPI,Mobiles,0,0,0
CUST12680,911,9,1,0.119,7.41,1438.49,0.306,UPI,Footwear,0,1,0
CUST12681,425,7,1,0.156,7.65,1474.31,0.151,COD,Footwear,0,0,0
CUST12682,386,6,1,0.194,9.26,3121.03,0.111,COD,Beauty,0,0,0
CUST12683,242,12,5,0.455,0.5,749.57,0.466,UPI,Fashion,1,1,1
CUST12684,424,11,2,0.15,1.82,1613.28,0.318,COD,Footwear,0,1,0
CUST12685,685,6,1,0.102,8.92,2896.99,0.076,COD,Home & Kitchen,0,1,0
CUST12686,421,8,3,0.396,3.36,637.69,0.312,UPI,Footwear,0,0,1
CUST12687,139,10,1,0.054,7.87,3029.92,0.354,Credit Card,Electronics,0,0,0
CUST12688,249,12,5,0.455,2.01,1151.95,0.545,UPI,Home & Kitchen,0,0,1
CUST12689,216,16,6,0.371,7.63,2127.06,0.116,UPI,Footwear,0,0,1
CUST12690,130,11,1,0.132,12.21,1079.38,0.081,UPI,Electronics,0,0,0
CUST12691,155,5,2,0.316,2.57,5192.26,0.332,COD,Mobiles,0,0,1
CUST12692,191,9,1,0.101,14.62,2058.42,0.271,COD,Home & Kitchen,1,0,0
CUST12693,237,5,0,0.091,6.58,365.96,0.261,COD,Fashion,0,1,0
CUST12694,86,6,1,0.101,10.1,1859.4,0.581,Credit Card,Electronics,0,0,0
CUST12695,233,9,1,0.165,6.61,1326.27,0.243,COD,Home & Kitchen,0,0,0
CUST12696,141,7,0,0.031,13.01,1085.35,0.148,UPI,Home & Kitchen,0,0,0
CUST12697,65,12,0,0.032,7.76,3880.22,0.507,UPI,Mobiles,0,1,0
CUST12698,819,10,2,0.184,10.55,302.3,0.142,COD,Footwear,0,0,0
CUST12699,368,6,0,0.082,5.2,1512.72,0.515,Credit Card,Fashion,0,0,0
CUST12700,259,7,3,0.443,2.29,2005.28,0.442,COD,Mobiles,3,1,1
CUST12701,243,10,1,0.115,4.97,2223.8,0.371,COD,Home & Kitchen,0,0,0
CUST12702,62,7,0,0.07,4.22,1614.2,0.305,COD,Electronics,0,0,0
CUST12703,38,16,1,0.075,3.26,3032.45,0.379,Credit Card,Electronics,0,0,0
CUST12704,822,12,4,0.316,7.85,1277.77,0.284,COD,Fashion,0,1,1
CUST12705,108,10,0,0.0,8.79,463.69,0.037,COD,Fashion,0,1,0
CUST12706,288,6,1,0.099,6.03,3538.01,0.062,COD,Home & Kitchen,2,0,0
CUST12707,125,8,1,0.097,9.9,2594.21,0.507,Credit Card,Electronics,0,0,0
CUST12708,31,11,1,0.055,1.93,173.2,0.399,Credit Card,Footwear,0,0,0
CUST12709,230,7,1,0.073,5.47,2256.14,0.245,UPI,Fashion,0,0,0
CUST12710,439,5,1,0.184,13.42,2757.34,0.276,COD,Fashion,0,0,0
CUST12711,263,10,1,0.106,7.05,3609.85,0.111,Debit Card,Fashion,0,1,0
CUST12712,262,6,2,0.304,5.54,2634.64,0.377,COD,Electronics,0,0,1
CUST12713,368,3,0,0.144,8.14,2830.31,0.28,Debit Card,Fashion,0,0,0
CUST12714,329,7,0,0.049,7.31,1105.34,0.112,Debit Card,Mobiles,0,0,0
CUST12715,25,6,4,0.611,2.93,1238.86,0.737,Credit Card,Mobiles,1,1,1
CUST12716,322,11,3,0.278,1.82,3814.29,0.691,COD,Beauty,1,0,1
CUST12717,128,2,1,0.254,3.86,3057.06,0.031,Debit Card,Electronics,0,0,1
CUST12718,255,8,1,0.105,1.66,2145.8,0.568,COD,Fashion,0,0,0
CUST12719,59,5,1,0.292,4.61,1978.21,0.305,COD,Fashion,0,1,1
CUST12720,240,7,2,0.245,2.64,1962.41,0.463,UPI,Mobiles,0,0,1
CUST12721,362,9,0,0.023,7.66,2910.26,0.362,COD,Fashion,0,0,0
CUST12722,311,5,0,0.098,8.72,1064.28,0.07,COD,Mobiles,0,0,0
CUST12723,286,13,4,0.272,5.35,1734.11,0.517,Debit Card,Fashion,0,0,1
CUST12724,548,9,1,0.062,3.1,350.78,0.193,COD,Mobiles,1,0,0
CUST12725,337,8,0,0.025,7.16,796.2,0.147,Debit Card,Fashion,0,1,0
CUST12726,1189,6,1,0.088,9.5,498.16,0.167,UPI,Electronics,0,0,0
CUST12727,137,4,0,0.096,8.26,1905.54,0.526,COD,Fashion,0,0,0
CUST12728,125,10,0,0.0,8.66,941.76,0.104,COD,Beauty,1,0,0
CUST12729,385,9,1,0.163,12.2,704.78,0.136,UPI,Fashion,0,0,0
CUST12730,244,10,2,0.166,7.8,7403.86,0.339,Debit Card,Electronics,0,1,0
CUST12731,12,8,5,0.592,3.37,2459.57,0.709,COD,Beauty,1,1,1
CUST12732,783,7,2,0.297,2.56,3644.57,0.642,COD,Fashion,1,0,1
CUST12733,868,8,2,0.291,11.15,1151.69,0.093,Credit Card,Electronics,0,0,1
CUST12734,123,10,0,0.031,13.74,1587.47,0.212,Credit Card,Home & Kitchen,1,0,0
CUST12735,1001,6,2,0.376,6.0,739.67,0.012,COD,Footwear,0,0,1
CUST12736,92,9,4,0.459,0.5,610.54,0.501,UPI,Fashion,2,1,1
CUST12737,70,4,0,0.098,8.05,2444.94,0.296,COD,Beauty,1,1,0
CUST12738,5,5,1,0.107,6.79,1329.8,0.584,UPI,Fashion,0,1,0
CUST12739,931,16,10,0.614,1.54,3010.63,0.641,COD,Electronics,2,1,1
CUST12740,726,3,0,0.107,12.43,1762.76,0.338,UPI,Fashion,0,0,0
CUST12741,130,6,1,0.124,12.68,3935.21,0.429,Credit Card,Mobiles,1,0,0
CUST12742,41,11,1,0.12,6.87,2181.23,0.409,Credit Card,Fashion,0,0,0
CUST12743,48,5,1,0.219,6.34,1472.02,0.164,Debit Card,Footwear,0,0,0
CUST12744,194,10,3,0.271,3.32,1512.77,0.624,Credit Card,Home & Kitchen,2,0,1
CUST12745,763,5,1,0.222,5.59,1485.13,0.408,UPI,Fashion,0,0,0
CUST12746,253,7,3,0.395,7.17,3283.7,0.404,Credit Card,Fashion,0,0,1
CUST12747,296,3,0,0.0,4.96,2368.51,0.255,COD,Fashion,0,0,0
CUST12748,29,8,0,0.015,11.69,1619.14,0.367,UPI,Fashion,1,0,0
CUST12749,537,15,8,0.55,1.24,2235.98,0.651,UPI,Fashion,1,0,1
CUST12750,452,12,2,0.203,4.07,844.71,0.264,Credit Card,Home & Kitchen,0,0,0
CUST12751,318,8,1,0.179,10.56,1373.62,0.065,COD,Electronics,1,0,0
CUST12752,35,10,1,0.083,8.99,858.71,0.44,UPI,Fashion,0,0,0
CUST12753,27,13,4,0.327,5.6,2226.84,0.211,COD,Home & Kitchen,0,0,1
CUST12754,15,10,1,0.09,10.25,792.19,0.181,COD,Fashion,0,1,0
CUST12755,65,7,0,0.008,9.05,1839.27,0.434,UPI,Fashion,0,0,0
CUST12756,368,7,2,0.339,4.36,2939.93,0.112,Debit Card,Fashion,1,1,1
CUST12757,359,11,1,0.096,7.16,1070.13,0.526,Credit Card,Electronics,0,0,0
CUST12758,324,11,2,0.209,8.56,1621.47,0.563,Debit Card,Electronics,0,0,0
CUST12759,26,13,1,0.039,13.6,1095.57,0.222,COD,Beauty,0,0,0
CUST12760,232,9,1,0.113,12.44,1880.69,0.466,UPI,Mobiles,0,0,0
CUST12761,1500,11,1,0.131,2.11,546.12,0.253,COD,Fashion,0,1,0
CUST12762,232,10,1,0.085,6.62,5802.41,0.279,Credit Card,Home & Kitchen,0,0,0
CUST12763,92,5,1,0.13,12.04,1424.21,0.297,Debit Card,Mobiles,0,0,0
CUST12764,873,8,1,0.086,11.62,603.66,0.348,UPI,Fashion,0,0,0
CUST12765,28,7,0,0.065,11.66,2689.98,0.155,UPI,Home & Kitchen,0,0,0
CUST12766,117,11,4,0.338,8.81,765.3,0.592,Credit Card,Beauty,0,0,1
CUST12767,1452,5,1,0.293,11.64,4008.11,0.258,Debit Card,Beauty,0,0,1
CUST12768,77,15,1,0.093,7.14,1200.98,0.088,UPI,Fashion,1,0,0
CUST12769,83,8,1,0.117,7.51,6341.15,0.441,UPI,Footwear,0,0,0
CUST12770,102,5,1,0.223,7.8,2886.26,0.179,Credit Card,Footwear,0,0,0
CUST12771,690,8,0,0.011,6.14,1133.63,0.408,COD,Home & Kitchen,0,0,0
CUST12772,1237,9,2,0.242,11.17,2451.37,0.257,Credit Card,Mobiles,0,0,1
CUST12773,137,7,1,0.211,4.37,3716.36,0.367,UPI,Fashion,0,0,0
CUST12774,366,12,2,0.135,8.32,614.97,0.181,COD,Fashion,0,0,0
CUST12775,253,9,0,0.017,10.01,1361.1,0.267,COD,Footwear,2,0,0
CUST12776,455,7,3,0.36,0.5,2931.72,0.737,Debit Card,Fashion,3,1,1
CUST12777,471,6,0,0.002,8.17,1265.67,0.107,UPI,Home & Kitchen,0,0,0
CUST12778,77,11,0,0.031,5.82,1822.27,0.38,UPI,Fashion,2,1,0
CUST12779,67,8,1,0.073,12.12,5107.36,0.538,Debit Card,Beauty,0,1,0
CUST12780,262,9,0,0.0,10.23,3508.08,0.328,Debit Card,Fashion,0,1,0
CUST12781,409,4,1,0.356,6.31,1785.4,0.124,COD,Electronics,0,0,1
CUST12782,31,5,1,0.132,10.44,428.57,0.136,COD,Fashion,0,0,0
CUST12783,649,8,1,0.132,4.11,969.24,0.049,UPI,Fashion,0,0,0
CUST12784,550,2,0,0.208,7.44,564.17,0.364,Debit Card,Beauty,0,0,0
CUST12785,749,3,1,0.475,3.35,4014.9,0.71,COD,Electronics,2,1,1
CUST12786,439,9,1,0.061,15.03,3931.22,0.246,UPI,Beauty,0,1,0
CUST12787,136,9,1,0.076,11.43,1780.39,0.247,Credit Card,Footwear,1,1,0
CUST12788,524,12,2,0.197,10.04,1383.04,0.365,COD,Electronics,0,0,0
CUST12789,70,9,2,0.217,11.68,2456.53,0.634,Credit Card,Electronics,0,0,0
CUST12790,39,5,0,0.082,7.5,3878.05,0.312,Credit Card,Home & Kitchen,0,0,0
CUST12791,103,3,0,0.084,4.36,2033.83,0.236,COD,Footwear,0,0,0
CUST12792,138,11,2,0.189,6.24,1926.0,0.41,COD,Footwear,0,1,0
CUST12793,356,7,1,0.087,7.25,4795.76,0.526,COD,Beauty,0,1,0
CUST12794,199,10,2,0.152,9.91,2842.0,0.242,UPI,Electronics,1,0,0
CUST12795,19,13,2,0.143,11.27,3057.32,0.376,Credit Card,Mobiles,0,0,0
CUST12796,697,10,2,0.212,5.26,633.82,0.452,UPI,Mobiles,0,0,0
CUST12797,167,7,1,0.111,4.04,1414.35,0.267,Wallet,Fashion,1,0,0
CUST12798,203,10,3,0.256,1.76,3054.58,0.591,UPI,Fashion,1,0,1
CUST12799,164,12,2,0.202,2.54,2205.76,0.13,COD,Footwear,0,0,0
CUST12800,364,4,3,0.68,0.72,2018.72,0.413,UPI,Fashion,1,1,1
CUST12801,62,7,1,0.107,10.96,1904.7,0.282,UPI,Home & Kitchen,0,0,0
CUST12802,355,8,2,0.213,1.94,1088.11,0.125,Credit Card,Beauty,0,0,0
CUST12803,250,5,0,0.054,14.31,351.87,0.321,Wallet,Mobiles,0,1,0
CUST12804,338,12,0,0.02,14.17,3849.18,0.286,UPI,Mobiles,1,1,0
CUST12805,499,6,0,0.002,10.73,2234.38,0.609,COD,Fashion,0,0,0
CUST12806,159,8,0,0.048,16.29,2702.95,0.337,UPI,Beauty,1,1,0
CUST12807,289,7,5,0.655,1.15,2122.78,0.517,UPI,Beauty,1,0,1
CUST12808,129,12,0,0.027,7.84,2132.63,0.5,Debit Card,Home & Kitchen,0,1,0
CUST12809,399,4,0,0.073,10.18,2327.37,0.054,Credit Card,Fashion,0,0,0
CUST12810,557,3,0,0.027,7.97,320.03,0.627,Credit Card,Books,0,0,0
CUST12811,359,8,2,0.286,4.35,1031.13,0.325,COD,Fashion,0,1,1
CUST12812,60,10,1,0.103,12.03,3959.51,0.351,Debit Card,Beauty,1,0,0
CUST12813,565,9,0,0.0,8.35,1477.1,0.569,Wallet,Fashion,0,0,0
CUST12814,244,8,1,0.125,9.9,2584.89,0.403,UPI,Beauty,0,0,0
CUST12815,1000,10,2,0.181,6.3,1384.08,0.337,COD,Mobiles,0,0,0
CUST12816,348,13,2,0.13,13.07,1703.18,0.366,UPI,Mobiles,0,0,0
CUST12817,396,8,1,0.126,5.18,1127.4,0.486,COD,Footwear,0,0,0
CUST12818,251,8,0,0.056,12.91,7205.4,0.548,COD,Electronics,0,0,0
CUST12819,497,9,5,0.603,0.51,5779.12,0.788,COD,Fashion,0,1,1
CUST12820,43,7,1,0.126,11.98,1473.09,0.449,COD,Home & Kitchen,0,0,0
CUST12821,85,9,2,0.199,5.71,986.9,0.127,Debit Card,Books,0,0,0
CUST12822,210,7,1,0.177,10.29,1880.93,0.454,Debit Card,Footwear,2,1,0
CUST12823,16,8,0,0.023,8.65,561.9,0.405,COD,Footwear,1,1,0
CUST12824,295,5,1,0.115,10.16,3986.76,0.083,COD,Fashion,0,0,0
CUST12825,149,10,0,0.038,6.01,722.54,0.384,COD,Electronics,0,0,0
CUST12826,132,11,1,0.049,15.12,1445.24,0.329,Credit Card,Beauty,0,0,0
CUST12827,74,6,1,0.089,12.15,895.62,0.319,Credit Card,Beauty,1,0,0
CUST12828,165,3,0,0.005,7.44,1224.33,0.188,Debit Card,Fashion,0,0,0
CUST12829,59,6,1,0.218,6.46,1065.4,0.217,Debit Card,Beauty,0,0,0
CUST12830,457,11,1,0.091,8.21,1222.19,0.275,Credit Card,Footwear,2,0,0
CUST12831,55,7,1,0.126,6.7,1303.92,0.099,Credit Card,Home & Kitchen,0,1,0
CUST12832,107,5,2,0.342,3.53,1241.55,0.599,COD,Electronics,1,1,1
CUST12833,47,8,1,0.127,10.24,1901.49,0.204,Debit Card,Electronics,0,0,0
CUST12834,133,8,0,0.008,6.9,1656.92,0.038,COD,Electronics,0,0,0
CUST12835,243,7,2,0.272,10.36,3354.91,0.441,Credit Card,Footwear,0,0,1
CUST12836,487,9,0,0.0,7.82,1770.18,0.352,Credit Card,Mobiles,1,0,0
CUST12837,1225,6,1,0.165,5.36,2226.3,0.537,UPI,Fashion,1,0,0
CUST12838,216,5,1,0.146,5.7,5059.55,0.375,Credit Card,Home & Kitchen,0,0,0
CUST12839,249,4,1,0.233,6.94,735.86,0.106,UPI,Home & Kitchen,1,0,1
CUST12840,288,11,0,0.009,9.45,1853.59,0.139,Credit Card,Fashion,1,1,0
CUST12841,567,8,0,0.025,11.88,1595.86,0.148,COD,Electronics,1,0,0
CUST12842,433,6,1,0.104,7.58,2928.09,0.174,COD,Beauty,0,0,0
CUST12843,395,7,0,0.032,12.89,1974.82,0.379,COD,Fashion,1,1,0
CUST12844,531,6,1,0.154,8.61,297.79,0.298,COD,Fashion,0,0,0
CUST12845,165,7,1,0.076,8.9,1099.39,0.089,Credit Card,Electronics,0,0,0
CUST12846,11,11,0,0.006,6.48,4262.3,0.51,COD,Electronics,0,0,0
CUST12847,423,5,1,0.152,3.75,868.87,0.208,Debit Card,Mobiles,0,0,0
CUST12848,10,6,0,0.037,9.43,1808.27,0.405,Wallet,Mobiles,0,1,0
CUST12849,317,16,1,0.085,7.65,4346.17,0.244,UPI,Beauty,1,1,0
CUST12850,603,13,1,0.08,6.79,547.2,0.469,COD,Home & Kitchen,1,0,0
CUST12851,151,4,3,0.634,3.2,1943.59,0.704,UPI,Electronics,0,0,1
CUST12852,30,12,5,0.388,7.31,3335.33,0.178,COD,Beauty,0,1,1
CUST12853,950,11,1,0.112,7.11,2690.74,0.265,UPI,Fashion,0,1,0
CUST12854,101,12,0,0.032,5.08,287.66,0.402,UPI,Fashion,0,1,0
CUST12855,371,5,0,0.088,8.51,2232.46,0.084,Credit Card,Electronics,0,0,0
CUST12856,307,7,0,0.068,3.01,3220.29,0.516,Credit Card,Footwear,0,1,0
CUST12857,229,7,0,0.068,9.43,2467.24,0.407,UPI,Footwear,0,1,0
CUST12858,534,5,3,0.511,3.24,3355.52,0.521,Credit Card,Fashion,1,0,1
CUST12859,616,10,1,0.125,9.67,934.79,0.583,COD,Fashion,1,0,0
CUST12860,217,7,2,0.341,7.89,492.39,0.178,COD,Footwear,0,0,1
CUST12861,423,10,2,0.18,2.53,4811.83,0.025,COD,Footwear,0,0,0
CUST12862,872,12,1,0.081,13.52,2426.12,0.673,UPI,Fashion,1,0,0
CUST12863,133,9,1,0.097,5.79,1642.29,0.055,COD,Footwear,0,0,0
CUST12864,84,9,0,0.046,6.17,4991.39,0.197,Wallet,Electronics,0,1,0
CUST12865,127,5,0,0.084,6.64,2261.04,0.28,UPI,Home & Kitchen,0,0,0
CUST12866,75,4,0,0.051,10.29,7359.03,0.445,Wallet,Beauty,0,0,0
CUST12867,590,9,1,0.125,5.27,2239.09,0.139,COD,Fashion,0,0,0
CUST12868,290,8,1,0.129,9.05,3251.82,0.322,COD,Mobiles,0,0,0
CUST12869,481,7,2,0.227,6.83,3624.2,0.383,COD,Fashion,0,0,0
CUST12870,254,8,5,0.634,3.0,1332.67,0.744,Debit Card,Fashion,0,1,1
CUST12871,89,5,0,0.084,2.65,1631.18,0.316,COD,Electronics,0,1,0
CUST12872,207,7,1,0.09,8.56,2728.26,0.483,Credit Card,Home & Kitchen,1,1,0
CUST12873,160,9,0,0.05,8.86,627.22,0.352,Credit Card,Beauty,1,1,0
CUST12874,427,11,0,0.004,6.24,901.44,0.14,UPI,Home & Kitchen,0,1,0
CUST12875,61,2,1,0.252,2.38,1955.96,0.85,UPI,Fashion,1,1,1
CUST12876,31,11,2,0.211,8.5,1055.21,0.135,COD,Mobiles,0,0,0
CUST12877,1381,8,1,0.181,2.61,1341.86,0.062,Debit Card,Home & Kitchen,0,0,0
CUST12878,424,9,4,0.433,2.4,1197.67,0.809,UPI,Home & Kitchen,0,0,1
CUST12879,62,8,1,0.094,8.08,2029.83,0.074,COD,Fashion,0,0,0
CUST12880,339,5,1,0.242,2.3,3303.98,0.102,UPI,Home & Kitchen,0,0,1
CUST12881,140,6,1,0.125,7.19,1361.89,0.213,UPI,Electronics,0,1,0
CUST12882,239,17,3,0.195,9.98,1156.94,0.242,Debit Card,Home & Kitchen,0,0,0
CUST12883,901,6,1,0.12,9.67,896.56,0.519,Credit Card,Home & Kitchen,1,0,0
CUST12884,266,13,2,0.181,11.22,2314.62,0.371,UPI,Electronics,0,0,0
CUST12885,78,6,1,0.136,10.8,2370.32,0.03,COD,Mobiles,0,1,0
CUST12886,418,10,1,0.066,7.34,2563.26,0.109,Credit Card,Footwear,1,1,0
CUST12887,70,3,1,0.194,6.74,1318.72,0.144,Debit Card,Home & Kitchen,0,0,0
CUST12888,275,12,4,0.315,6.77,3139.38,0.153,Credit Card,Fashion,1,0,1
CUST12889,35,10,1,0.07,6.65,1727.11,0.225,UPI,Footwear,1,0,0
CUST12890,117,11,0,0.001,8.07,3511.78,0.359,Credit Card,Home & Kitchen,0,0,0
CUST12891,176,5,4,0.755,1.98,1196.57,0.554,Credit Card,Home & Kitchen,1,0,1
CUST12892,480,8,0,0.018,11.63,1003.87,0.361,COD,Books,0,0,0
CUST12893,49,8,0,0.036,5.87,3377.67,0.023,COD,Mobiles,0,0,0
CUST12894,1278,10,1,0.1,9.34,963.46,0.227,Credit Card,Beauty,0,1,0
CUST12895,38,12,0,0.008,9.19,4758.22,0.462,COD,Beauty,0,0,0
CUST12896,115,10,1,0.135,6.26,2234.72,0.208,UPI,Mobiles,0,0,0
CUST12897,339,11,3,0.281,7.18,3358.85,0.557,COD,Fashion,1,0,1
CUST12898,128,8,2,0.261,4.0,1389.23,0.859,Credit Card,Home & Kitchen,0,0,1
CUST12899,222,7,1,0.075,4.06,2681.16,0.212,COD,Electronics,1,0,0
CUST12900,685,7,1,0.111,8.24,2821.99,0.282,UPI,Fashion,1,0,0
CUST12901,205,7,1,0.104,6.3,790.76,0.423,Debit Card,Beauty,0,1,0
CUST12902,181,6,0,0.029,11.0,2721.29,0.224,UPI,Home & Kitchen,1,0,0
CUST12903,37,7,0,0.0,10.47,967.11,0.062,Credit Card,Home & Kitchen,2,0,0
CUST12904,190,8,1,0.103,8.11,1996.84,0.457,UPI,Electronics,1,1,0
CUST12905,177,6,1,0.186,5.47,1819.18,0.271,UPI,Fashion,0,0,0
CUST12906,294,6,4,0.61,0.64,1270.33,0.701,UPI,Beauty,1,0,1
CUST12907,406,11,1,0.075,7.01,1785.77,0.495,COD,Footwear,0,0,0
CUST12908,89,6,2,0.286,6.07,4746.4,0.155,COD,Footwear,0,1,1
CUST12909,206,10,1,0.051,12.26,3120.85,0.143,UPI,Fashion,1,1,0
CUST12910,102,4,0,0.076,4.66,871.24,0.609,Debit Card,Beauty,0,0,0
CUST12911,380,12,0,0.035,6.86,552.75,0.259,Debit Card,Footwear,0,0,0
CUST12912,187,7,0,0.062,2.38,2664.01,0.485,Debit Card,Fashion,0,0,0
CUST12913,1049,8,1,0.187,9.09,341.15,0.309,COD,Electronics,0,0,0
CUST12914,307,3,0,0.055,4.01,671.86,0.375,COD,Electronics,0,1,0
CUST12915,248,9,3,0.374,4.55,2072.89,0.483,Debit Card,Fashion,0,0,1
CUST12916,386,13,1,0.039,5.48,1600.39,0.281,Credit Card,Home & Kitchen,0,0,0
CUST12917,112,9,0,0.003,11.25,507.16,0.133,COD,Fashion,0,1,0
CUST12918,362,5,1,0.227,8.35,1913.97,0.106,UPI,Fashion,0,1,0
CUST12919,369,7,0,0.044,5.64,282.95,0.445,Debit Card,Beauty,0,1,0
CUST12920,323,11,1,0.046,10.5,848.12,0.081,COD,Footwear,0,1,0
CUST12921,178,9,1,0.116,6.05,739.31,0.168,UPI,Footwear,1,1,0
CUST12922,66,5,1,0.181,8.37,2146.52,0.077,UPI,Electronics,1,1,0
CUST12923,566,14,0,0.031,9.99,2164.44,0.088,COD,Electronics,1,1,0
CUST12924,210,7,4,0.604,2.63,4020.03,0.477,COD,Beauty,3,1,1
CUST12925,175,5,1,0.143,3.29,1112.25,0.079,COD,Fashion,0,0,0
CUST12926,210,10,1,0.149,4.28,205.58,0.33,Wallet,Footwear,0,0,0
CUST12927,113,8,2,0.252,7.01,3362.38,0.317,COD,Mobiles,0,0,1
CUST12928,52,3,0,0.042,9.0,1742.15,0.314,COD,Home & Kitchen,0,0,0
CUST12929,340,5,3,0.575,1.8,1377.72,0.272,COD,Home & Kitchen,1,0,1
CUST12930,496,13,1,0.044,8.13,3558.26,0.452,COD,Beauty,0,1,0
CUST12931,422,4,1,0.365,3.12,3843.64,0.945,Credit Card,Electronics,1,1,1
CUST12932,521,10,3,0.329,9.68,2228.04,0.137,COD,Fashion,0,0,1
CUST12933,292,8,6,0.742,1.9,3843.54,0.728,Debit Card,Home & Kitchen,3,1,1
CUST12934,499,4,0,0.112,8.53,282.32,0.261,Credit Card,Electronics,0,0,0
CUST12935,128,7,1,0.084,7.68,1485.7,0.404,Credit Card,Electronics,0,0,0
CUST12936,1333,4,2,0.442,1.85,4741.57,0.485,COD,Footwear,0,1,1
CUST12937,31,7,1,0.114,5.17,1737.72,0.427,COD,Mobiles,0,0,0
CUST12938,85,6,1,0.104,11.66,1488.97,0.37,COD,Electronics,1,1,0
CUST12939,7,7,0,0.017,10.17,1191.74,0.221,UPI,Home & Kitchen,1,0,0
CUST12940,246,6,1,0.105,7.73,819.54,0.212,COD,Beauty,1,1,0
CUST12941,1500,7,1,0.073,9.12,866.93,0.297,COD,Fashion,0,1,0
CUST12942,14,11,5,0.487,2.88,1781.86,0.351,COD,Mobiles,1,1,1
CUST12943,229,9,1,0.094,10.65,996.05,0.119,UPI,Footwear,1,0,0
CUST12944,972,6,4,0.719,1.43,3652.36,0.703,COD,Fashion,1,0,1
CUST12945,58,8,1,0.12,4.24,1510.75,0.198,Credit Card,Electronics,0,0,0
CUST12946,456,9,4,0.394,2.46,1872.46,0.552,Credit Card,Electronics,3,1,1
CUST12947,103,11,3,0.236,6.97,1147.74,0.291,Wallet,Fashion,0,0,1
CUST12948,102,13,0,0.0,13.18,3165.45,0.356,Credit Card,Fashion,0,1,0
CUST12949,131,9,2,0.205,7.77,2744.57,0.228,UPI,Books,0,0,0
CUST12950,162,16,2,0.153,9.11,1255.33,0.449,COD,Mobiles,0,0,0
CUST12951,34,9,1,0.112,11.52,1538.58,0.513,Credit Card,Electronics,0,1,0
CUST12952,31,6,1,0.142,0.5,686.69,0.361,COD,Fashion,1,0,0
CUST12953,234,10,1,0.051,8.05,663.3,0.137,UPI,Electronics,0,0,0
CUST12954,44,8,0,0.061,6.94,1753.36,0.2,COD,Beauty,2,1,0
CUST12955,941,7,1,0.127,4.74,4458.81,0.128,Credit Card,Footwear,0,0,0
CUST12956,104,4,1,0.248,5.02,1400.59,0.081,UPI,Mobiles,0,1,1
CUST12957,654,10,2,0.235,11.54,931.0,0.431,COD,Home & Kitchen,0,0,1
CUST12958,703,9,1,0.139,12.2,1895.34,0.416,UPI,Fashion,1,1,0
CUST12959,155,10,6,0.593,3.16,2261.15,0.805,COD,Mobiles,0,1,1
CUST12960,577,5,4,0.706,1.73,1655.5,0.76,Debit Card,Fashion,3,1,1
CUST12961,55,5,2,0.34,5.37,2058.39,0.096,Wallet,Home & Kitchen,1,0,1
CUST12962,24,6,1,0.231,5.92,3492.74,0.401,Credit Card,Home & Kitchen,1,0,1
CUST12963,175,5,0,0.099,12.72,1520.8,0.1,UPI,Fashion,0,0,0
CUST12964,351,8,1,0.128,8.17,2660.04,0.597,UPI,Beauty,1,0,0
CUST12965,536,3,1,0.491,1.47,3440.63,0.447,COD,Electronics,1,1,1
CUST12966,140,8,3,0.338,1.95,1134.21,0.372,UPI,Footwear,0,0,1
CUST12967,66,8,5,0.661,3.43,2777.97,0.724,Debit Card,Fashion,0,1,1
CUST12968,525,6,1,0.239,7.56,5345.07,0.245,UPI,Fashion,1,0,1
CUST12969,402,7,5,0.694,2.44,750.65,0.592,Debit Card,Fashion,1,0,1
CUST12970,486,6,1,0.085,9.62,1527.27,0.196,Credit Card,Beauty,0,1,0
CUST12971,93,13,0,0.0,8.63,533.76,0.082,COD,Home & Kitchen,0,0,0
CUST12972,492,6,1,0.166,4.63,4191.42,0.028,COD,Footwear,0,0,0
CUST12973,796,7,1,0.111,2.2,1142.35,0.208,COD,Fashion,0,0,0
CUST12974,111,7,0,0.041,8.0,1474.12,0.225,Credit Card,Home & Kitchen,0,0,0
CUST12975,40,6,1,0.139,15.13,1388.71,0.197,Debit Card,Mobiles,0,1,0
CUST12976,33,8,1,0.072,5.49,2173.3,0.269,Wallet,Home & Kitchen,0,1,0
CUST12977,943,8,1,0.071,12.07,767.13,0.502,Credit Card,Footwear,1,0,0
CUST12978,798,11,2,0.146,5.6,1299.76,0.383,COD,Footwear,0,0,0
CUST12979,48,10,2,0.167,0.95,1052.09,0.526,UPI,Fashion,1,0,0
CUST12980,392,8,3,0.339,5.26,3175.06,0.414,COD,Books,0,0,1
CUST12981,194,3,1,0.224,4.87,651.61,0.077,UPI,Electronics,0,1,0
CUST12982,21,7,1,0.097,11.61,1395.51,0.131,Credit Card,Books,0,1,0
CUST12983,331,8,0,0.003,11.3,660.01,0.203,UPI,Electronics,0,0,0
CUST12984,164,9,1,0.063,10.42,1984.95,0.355,Credit Card,Footwear,0,1,0
CUST12985,21,5,3,0.631,4.33,2509.25,0.762,UPI,Footwear,1,1,1
CUST12986,115,9,1,0.077,11.3,1937.91,0.425,UPI,Footwear,0,0,0
CUST12987,78,3,1,0.228,7.45,3083.66,0.174,UPI,Fashion,0,0,0
CUST12988,89,8,1,0.068,10.49,2320.99,0.244,COD,Fashion,0,0,0
CUST12989,678,9,1,0.138,1.0,1658.19,0.036,Debit Card,Electronics,0,0,0
CUST12990,441,9,1,0.094,11.19,2439.9,0.216,Debit Card,Footwear,0,1,0
CUST12991,273,11,0,0.011,11.33,3322.58,0.34,Debit Card,Beauty,0,0,0
CUST12992,106,8,1,0.135,8.65,1564.31,0.295,UPI,Mobiles,1,0,0
CUST12993,661,10,6,0.612,2.13,969.78,0.796,COD,Footwear,0,1,1
CUST12994,617,3,0,0.114,10.13,361.07,0.372,UPI,Home & Kitchen,1,0,0
CUST12995,200,13,3,0.235,5.45,1812.49,0.237,COD,Footwear,0,0,1
CUST12996,329,3,0,0.124,5.5,1981.61,0.105,COD,Footwear,0,0,0
CUST12997,70,7,1,0.096,3.89,1186.69,0.107,UPI,Home & Kitchen,1,1,0
CUST12998,102,7,1,0.172,7.84,1099.35,0.206,UPI,Mobiles,0,0,0
CUST12999,929,9,1,0.093,6.87,2465.14,0.664,Credit Card,Mobiles,1,0,0
